date,open,high,close,low,volume,price_change,p_change,ma5,ma10,ma20,v_ma5,v_ma10,v_ma20,turnover
2021-01-08,2142.0,2150.88,2090.0,2063.02,53861.64,-50.0,-2.34,2077.29,1988.745,1914.923,46966.66,38418.15,36489.13,0.43
2021-01-07,2097.0,2140.0,2140.0,2075.0,37931.39,40.0,1.91,2058.89,1962.779,1902.068,43966.34,36817.7,35428.72,0.3
2021-01-06,2064.8,2125.0,2100.0,2036.03,47410.2,40.55,1.97,2017.49,1932.944,1887.068,43270.48,37795.17,35089.76,0.38
2021-01-05,1990.0,2059.45,2059.45,1982.46,52116.05,62.45,3.13,1970.89,1911.044,1874.568,38361.96,37119.21,35791.95,0.41
2021-01-04,1999.98,2004.99,1997.0,1983.81,43514.0,-1.0,-0.05,1933.6,1889.349,1862.216,33954.83,34977.27,36102.71,0.35
2020-12-31,1941.0,1998.98,1998.0,1939.0,38860.07,65.0,3.36,1900.2,1874.149,1852.021,29869.64,33333.57,37051.57,0.31
2020-12-30,1870.0,1933.0,1933.0,1869.99,34452.1,66.0,3.54,1866.668,1860.9,1839.571,29669.05,33050.63,36583.86,0.27
2020-12-29,1873.0,1886.8,1867.0,1855.0,22867.59,-6.0,-0.32,1848.398,1851.6,1829.822,32319.85,32820.43,36039.84,0.18
2020-12-28,1826.6,1888.8,1873.0,1826.05,30080.37,43.0,2.35,1851.198,1846.501,1823.322,35876.45,33494.17,36306.27,0.24
2020-12-25,1802.99,1847.0,1830.0,1800.0,23088.05,-0.34,-0.02,1845.098,1842.101,1815.367,35999.72,33791.34,36399.25,0.18
2020-12-24,1818.0,1858.88,1830.34,1795.02,37857.14,-11.31,-0.61,1848.098,1841.101,1810.762,36797.51,34560.11,36323.28,0.3
2020-12-23,1897.99,1906.2,1841.65,1821.02,47706.09,-39.35,-2.09,1855.132,1841.357,1805.965,36432.21,34039.75,35591.84,0.38
2020-12-22,1849.97,1898.99,1881.0,1842.51,40650.6,38.5,2.09,1854.802,1841.192,1800.226,33321.02,32384.35,34617.85,0.32
2020-12-21,1840.0,1851.23,1842.5,1837.6,30696.72,-2.5,-0.14,1841.804,1838.092,1794.351,31111.89,34464.69,34208.59,0.24
2020-12-18,1851.81,1869.01,1845.0,1841.08,27076.98,-20.51,-1.1,1839.104,1835.082,1791.737,31582.95,37228.15,36005.61,0.22
2020-12-17,1845.5,1868.0,1865.51,1840.0,36030.64,25.51,1.39,1834.104,1829.893,1785.485,32322.71,40769.57,35745.5,0.29
2020-12-16,1830.5,1845.67,1840.0,1820.21,32150.16,23.99,1.32,1827.582,1818.242,1778.219,31647.29,40117.09,35334.75,0.26
2020-12-15,1833.5,1837.22,1816.01,1805.0,29604.97,-12.99,-0.71,1827.582,1808.043,1770.901,31447.68,39259.24,35486.19,0.24
2020-12-14,1827.77,1829.98,1829.0,1815.0,33052.0,9.0,0.49,1834.38,1800.142,1765.891,37817.49,39118.36,35267.15,0.26
2020-12-11,1834.78,1837.32,1820.0,1804.81,30775.79,-12.9,-0.7,1831.06,1788.633,1760.943,42873.36,39007.17,35145.22,0.24
2020-12-10,1840.0,1849.77,1832.9,1828.0,32653.54,-7.1,-0.39,1825.682,1780.423,1755.193,49216.44,38086.45,35014.21,0.26
2020-12-09,1865.95,1866.0,1840.0,1839.0,31152.12,-10.0,-0.54,1808.902,1770.572,1750.288,48586.88,37143.93,34555.18,0.25
2020-12-08,1815.0,1875.0,1850.0,1813.0,61454.0,37.6,2.08,1788.504,1759.26,1744.855,47070.8,36851.35,34740.11,0.49
2020-12-07,1802.7,1840.39,1812.4,1800.55,58331.33,19.29,1.08,1765.904,1750.61,1739.605,40419.24,33952.49,33176.89,0.46
2020-12-04,1752.0,1800.1,1793.11,1752.0,62491.19,44.11,2.52,1746.206,1748.391,1736.114,35140.99,34783.08,32333.8,0.5
2020-12-03,1738.01,1755.66,1749.0,1732.1,29505.78,10.99,0.63,1735.164,1741.076,1731.489,26956.47,30721.42,30361.82,0.23
2020-12-02,1746.0,1749.0,1738.01,1731.0,23571.69,1.01,0.06,1732.242,1738.195,1730.134,25700.97,30552.42,30062.74,0.19
2020-12-01,1726.0,1738.99,1737.0,1720.01,28196.2,23.09,1.35,1730.016,1733.759,1728.213,26631.9,31713.15,29706.34,0.22
2020-11-30,1735.0,1738.9,1713.91,1713.91,31940.07,-23.99,-1.38,1735.316,1731.639,1726.113,27485.73,31415.93,29471.41,0.25
2020-11-27,1732.66,1740.03,1737.9,1718.0,21568.61,3.51,0.2,1750.576,1733.253,1724.118,34425.17,31283.27,28927.72,0.17
2020-11-26,1726.0,1739.99,1734.39,1725.18,23228.3,7.51,0.43,1746.988,1729.963,1720.724,34486.38,31941.96,29152.07,0.18
2020-11-25,1761.5,1768.88,1726.88,1724.0,28226.32,-36.62,-2.08,1744.148,1730.003,1717.804,35403.87,31966.44,29959.34,0.22
2020-11-24,1769.99,1782.5,1763.5,1751.47,32465.36,-26.71,-1.49,1737.502,1730.45,1714.701,36794.39,32628.88,30279.85,0.26
2020-11-23,1771.01,1809.9,1790.21,1771.01,66637.24,70.25,4.08,1727.962,1728.6,1707.776,35346.13,32401.29,30853.8,0.53
2020-11-20,1720.0,1736.0,1719.96,1712.65,21874.66,-0.23,-0.01,1715.93,1723.836,1700.415,28141.38,29884.53,30822.7,0.17
2020-11-19,1684.5,1725.0,1720.19,1680.6,27815.76,26.54,1.57,1712.938,1721.902,1700.184,29397.54,30002.22,30693.55,0.22
2020-11-18,1715.0,1720.53,1693.65,1683.16,35178.95,-22.15,-1.29,1715.858,1722.073,1701.299,28529.01,29573.06,30426.81,0.28
2020-11-17,1740.0,1742.35,1715.8,1701.07,25224.03,-14.25,-0.82,1723.398,1722.666,1703.283,28463.36,27699.53,29612.93,0.2
2020-11-16,1711.0,1730.05,1730.05,1697.26,30613.49,25.05,1.47,1729.238,1720.586,1704.193,29456.45,27526.88,29738.48,0.24
2020-11-13,1724.0,1728.88,1705.0,1691.0,28155.48,-29.79,-1.72,1731.742,1714.982,1702.641,31627.69,26572.17,29169.12,0.22
2020-11-12,1730.01,1750.0,1734.79,1722.27,23473.09,3.44,0.2,1730.866,1711.484,1702.991,30606.9,26362.17,28630.21,0.19
2020-11-11,1745.0,1777.5,1731.35,1731.0,34850.73,-13.65,-0.78,1728.288,1705.605,1702.501,30617.11,27952.24,28266.78,0.28
2020-11-10,1752.92,1764.48,1745.0,1736.0,30189.44,2.43,0.14,1721.934,1698.951,1702.384,26935.7,27930.82,27548.31,0.24
2020-11-09,1701.38,1750.68,1742.57,1700.62,41469.7,41.95,2.47,1711.934,1686.951,1702.084,25597.31,29306.31,27186.03,0.33
2020-11-06,1730.55,1731.59,1700.62,1690.0,23051.53,-21.28,-1.24,1698.222,1676.994,1702.486,21516.66,31760.87,27299.0,0.18
2020-11-05,1717.0,1732.48,1721.9,1712.1,23524.14,22.32,1.31,1692.102,1678.465,1702.255,22117.44,31384.89,27858.42,0.19
2020-11-04,1700.0,1704.0,1699.58,1685.0,16443.71,4.58,0.27,1682.922,1680.525,1699.585,25287.37,31280.56,28036.6,0.13
2020-11-03,1684.99,1705.9,1695.0,1675.5,23497.49,20.99,1.25,1675.968,1683.9,1697.221,28925.93,31526.33,28085.95,0.19
2020-11-02,1675.0,1695.0,1674.01,1672.0,21066.43,3.99,0.24,1661.968,1687.8,1695.521,33015.31,31950.07,28122.69,0.17
2020-10-30,1678.0,1696.0,1670.02,1665.0,26055.45,-5.98,-0.36,1655.766,1690.299,1693.576,42005.09,31766.06,28198.52,0.21
2020-10-29,1654.84,1708.0,1676.0,1647.0,39373.76,11.19,0.67,1664.828,1694.497,1691.541,40652.33,30898.25,28398.28,0.31
2020-10-28,1626.0,1677.0,1664.81,1625.08,34636.53,39.81,2.45,1678.128,1699.397,1690.24,37273.76,28581.31,28215.87,0.28
2020-10-27,1643.0,1644.0,1625.0,1616.12,43944.4,-18.0,-1.1,1691.832,1705.816,1690.284,34126.72,27165.8,27647.32,0.35
2020-10-26,1619.0,1662.92,1643.0,1600.0,66015.29,-72.33,-4.22,1713.632,1717.216,1692.374,30884.83,25065.75,26572.3,0.53
2020-10-23,1740.78,1747.59,1715.33,1714.0,19291.69,-27.17,-1.56,1724.832,1727.977,1694.974,21527.04,22837.12,25631.61,0.15
2020-10-22,1730.0,1745.0,1742.5,1715.51,22480.87,9.17,0.53,1724.166,1726.044,1692.733,21144.17,24331.94,27851.01,0.18
2020-10-21,1734.1,1742.15,1733.33,1723.0,18901.37,-0.67,-0.04,1720.666,1718.644,1691.863,19888.87,24792.64,27852.77,0.15
2020-10-20,1699.99,1734.97,1734.0,1695.0,27734.93,35.0,2.06,1719.8,1710.541,1693.197,20204.88,24645.58,27948.75,0.22
2020-10-19,1725.0,1733.98,1699.0,1691.9,19226.32,-13.0,-0.76,1720.8,1703.241,1694.797,19246.67,24295.31,28114.8,0.15
2020-10-16,1725.0,1734.58,1712.0,1703.0,17377.38,-13.0,-0.75,1731.122,1696.852,1696.497,24147.21,24630.97,28707.88,0.14
2020-10-15,1721.13,1735.0,1725.0,1721.0,16204.36,-4.0,-0.23,1727.922,1688.584,1696.187,27519.71,25898.31,29077.93,0.13
2020-10-14,1740.0,1746.98,1729.0,1726.0,20481.39,-10.0,-0.57,1716.622,1681.082,1694.337,29696.4,27850.43,29565.89,0.16
2020-10-13,1750.62,1750.62,1739.0,1735.0,22943.89,-11.61,-0.66,1701.282,1674.751,1693.457,29086.28,28128.84,30265.44,0.18
2020-10-12,1700.0,1750.61,1750.61,1700.0,43729.04,54.61,3.22,1685.682,1667.531,1692.682,29343.95,28078.85,30673.85,0.35
2020-10-09,1692.0,1706.42,1696.0,1688.0,34239.88,27.5,1.65,1662.582,1661.97,1693.651,25114.73,28426.09,30030.29,0.27
2020-09-30,1660.0,1691.9,1668.5,1660.0,27087.81,16.2,0.98,1649.246,1659.422,1698.501,24276.91,31370.09,29840.17,0.22
2020-09-29,1669.33,1669.4,1652.3,1652.3,17430.78,-8.7,-0.52,1645.542,1665.082,1704.826,26004.45,30912.9,30086.24,0.14
2020-09-28,1635.19,1668.5,1661.0,1635.19,24232.22,25.89,1.58,1648.22,1675.852,1712.31,27171.39,31251.91,30796.7,0.19
2020-09-25,1630.0,1650.0,1635.11,1625.0,22582.96,5.79,0.35,1649.38,1686.352,1718.585,26813.76,31934.29,31975.6,0.18
2020-09-24,1635.97,1658.88,1629.32,1626.8,30050.78,-20.66,-1.25,1661.358,1696.141,1724.68,31737.45,32784.8,32961.44,0.24
2020-09-23,1635.0,1666.01,1649.98,1621.02,35725.52,-15.71,-0.94,1669.598,1703.789,1729.764,38463.26,32257.55,32590.67,0.28
2020-09-22,1650.0,1686.98,1665.69,1650.0,23265.47,-1.11,-0.07,1684.622,1707.591,1733.615,35821.35,31281.35,32115.18,0.19
2020-09-21,1692.76,1692.76,1666.8,1666.66,22444.07,-28.2,-1.66,1703.484,1712.162,1736.68,35332.43,32402.04,33045.54,0.18
2020-09-18,1665.0,1695.0,1695.0,1635.01,47201.4,24.48,1.47,1723.324,1717.832,1738.158,37054.82,33268.84,33470.0,0.38
2020-09-17,1700.0,1700.0,1670.52,1658.0,63679.85,-54.58,-3.16,1730.924,1725.332,1737.208,33832.14,31634.5,32364.05,0.51
2020-09-16,1760.0,1764.81,1725.1,1719.0,22515.98,-34.9,-1.98,1737.98,1737.58,1736.882,26051.84,28310.25,30299.18,0.18
2020-09-15,1769.99,1769.99,1760.0,1747.75,20820.87,-6.0,-0.34,1730.56,1744.57,1734.977,26741.35,29259.58,30519.13,0.17
2020-09-14,1745.0,1769.0,1766.0,1730.58,31056.01,33.0,1.9,1720.84,1748.768,1732.227,29471.65,30341.48,30999.23,0.25
2020-09-11,1688.0,1736.0,1733.0,1688.0,31088.0,27.2,1.59,1712.34,1750.818,1728.427,29482.86,32016.92,31625.03,0.25
2020-09-10,1703.74,1720.0,1705.8,1700.0,24778.33,17.8,1.05,1719.74,1753.218,1724.827,29436.85,33138.08,31953.28,0.2
2020-09-09,1699.67,1711.0,1688.0,1680.04,25963.55,-23.4,-1.37,1737.18,1755.738,1721.287,30568.65,32923.8,31741.44,0.21
2020-09-08,1732.0,1737.8,1711.4,1677.07,34472.38,-12.1,-0.7,1758.58,1759.638,1718.234,31777.8,32949.02,31839.95,0.27
2020-09-07,1760.0,1777.99,1723.5,1703.97,31112.02,-46.5,-2.63,1776.696,1761.198,1714.79,31211.31,33689.03,31907.24,0.25
2020-09-04,1766.0,1776.99,1770.0,1746.0,30857.96,-23.0,-1.28,1789.296,1758.483,1710.314,34550.98,33671.17,31532.82,0.25
2020-09-03,1795.0,1812.0,1793.0,1779.7,30437.35,-2.0,-0.11,1786.696,1749.083,1703.364,36839.31,33093.61,31702.02,0.24
2020-09-02,1825.0,1828.0,1795.0,1770.0,32009.29,-6.98,-0.39,1774.296,1736.183,1695.612,35278.94,32288.11,31812.6,0.25
2020-09-01,1792.0,1802.0,1801.98,1775.01,31639.92,15.48,0.87,1760.696,1725.383,1689.262,34120.23,31778.68,31488.22,0.25
2020-08-31,1770.58,1816.0,1786.5,1770.58,47810.36,29.5,1.68,1745.7,1715.685,1682.663,36166.75,31656.97,31503.25,0.38
2020-08-28,1731.0,1764.0,1757.0,1721.5,42299.62,26.0,1.5,1727.67,1706.035,1676.738,32791.36,31233.14,30845.78,0.34
2020-08-27,1731.99,1733.98,1731.0,1705.0,22635.53,4.0,0.23,1711.47,1696.435,1672.797,29347.92,30768.49,30765.04,0.18
2020-08-26,1734.0,1745.0,1727.0,1715.02,26215.73,0.0,0.0,1698.07,1686.835,1670.247,29297.28,30559.07,31551.92,0.21
2020-08-25,1704.8,1746.78,1727.0,1698.63,41872.49,30.65,1.81,1690.07,1676.83,1667.497,29437.13,30730.89,32778.55,0.33
2020-08-24,1700.0,1708.0,1696.35,1691.01,30933.44,20.35,1.21,1685.67,1668.381,1664.647,27147.19,30125.46,33430.5,0.25
2020-08-21,1673.0,1698.0,1676.0,1671.0,25082.41,12.0,0.72,1684.4,1662.145,1660.957,29674.91,29394.47,33823.24,0.2
2020-08-20,1674.0,1679.0,1664.0,1656.0,22382.33,-23.0,-1.36,1681.4,1657.645,1656.922,32189.06,30310.43,36506.72,0.18
2020-08-19,1700.0,1717.0,1687.0,1682.99,26914.98,-18.0,-1.06,1675.6,1655.041,1657.522,31820.86,31337.08,37103.63,0.21
2020-08-18,1697.38,1720.0,1705.0,1691.0,30422.81,15.0,0.89,1663.59,1653.141,1657.076,32024.65,31197.75,37717.94,0.24
2020-08-17,1674.0,1704.35,1690.0,1670.0,43572.01,29.0,1.75,1651.092,1649.64,1655.226,33103.73,31349.52,38295.27,0.35
2020-08-14,1639.9,1665.7,1661.0,1631.0,37653.18,26.0,1.59,1639.89,1647.44,1652.574,29114.03,30458.43,38380.69,0.3
2020-08-13,1630.0,1638.88,1635.0,1609.0,20541.34,8.05,0.49,1633.89,1649.158,1651.926,28431.81,30761.59,39793.13,0.16
2020-08-12,1633.0,1641.0,1626.95,1605.25,27933.92,-15.56,-0.95,1634.482,1653.658,1650.876,30853.29,32544.76,43878.18,0.22
2020-08-11,1640.0,1666.43,1642.51,1640.0,35818.18,8.52,0.52,1642.692,1658.163,1657.155,30370.85,34826.21,44517.13,0.29
2020-08-10,1627.97,1644.96,1633.99,1608.11,23623.54,2.99,0.18,1648.188,1660.912,1663.13,29595.31,36735.54,45030.89,0.19
2020-08-07,1644.77,1649.67,1631.0,1598.5,34242.05,-6.96,-0.42,1654.99,1659.768,1670.53,31802.83,38252.01,46886.08,0.27
2020-08-06,1670.0,1674.03,1637.96,1630.0,32648.78,-30.04,-1.8,1664.426,1656.198,1674.672,33091.37,42703.0,47028.99,0.26
2020-08-05,1662.09,1673.09,1668.0,1643.31,25521.69,-1.99,-0.12,1672.834,1660.002,1678.074,34236.22,42870.18,47148.22,0.2
2020-08-04,1675.0,1682.99,1669.99,1660.0,31940.51,1.99,0.12,1673.634,1661.01,1678.741,39281.57,44238.13,48530.63,0.25
2020-08-03,1686.88,1696.58,1668.0,1660.0,34661.14,-10.18,-0.61,1673.636,1660.811,1679.642,43875.77,45241.03,50266.8,0.28
2020-07-31,1685.0,1705.0,1678.18,1646.0,40684.74,-1.82,-0.11,1664.546,1657.707,1676.242,44701.18,46302.95,51124.84,0.32
2020-07-30,1671.2,1700.59,1680.0,1670.5,38373.04,8.0,0.48,1647.97,1654.694,1669.422,52314.63,48824.68,50846.9,0.31
2020-07-29,1690.0,1690.0,1672.0,1633.0,50748.43,2.0,0.12,1647.17,1648.094,1662.622,51504.13,55211.59,51222.43,0.4
2020-07-28,1630.0,1680.0,1670.0,1630.0,54911.52,47.45,2.92,1648.386,1656.147,1653.736,49194.69,54208.05,50619.13,0.44
2020-07-27,1616.01,1629.8,1622.55,1600.0,38788.17,27.25,1.71,1647.986,1665.347,1643.38,46606.28,53326.24,48995.87,0.31
2020-07-24,1654.85,1666.0,1595.3,1585.0,78752.01,-80.7,-4.82,1650.868,1681.291,1635.411,47904.71,55520.14,48460.49,0.63
2020-07-23,1672.0,1691.0,1676.0,1650.0,34320.52,-2.08,-0.12,1661.418,1693.146,1628.646,45334.72,51354.99,45779.84,0.27
2020-07-22,1658.0,1710.0,1678.08,1658.0,39201.21,10.08,0.6,1649.018,1696.146,1618.571,58919.06,51426.26,45760.52,0.31
2020-07-21,1646.64,1702.8,1668.0,1630.99,41969.5,31.04,1.9,1663.908,1696.472,1606.617,59221.4,52823.14,44962.81,0.33
2020-07-20,1652.5,1663.99,1636.96,1588.88,45280.33,-11.09,-0.67,1682.708,1698.472,1595.209,60046.21,55292.58,44812.25,0.36
2020-07-17,1620.0,1672.59,1648.05,1620.0,65902.06,34.05,2.11,1711.714,1694.776,1584.011,63135.57,55946.74,43598.76,0.52
2020-07-16,1729.91,1729.91,1614.0,1600.0,102242.19,-138.53,-7.91,1724.874,1684.15,1571.859,57375.25,52869.12,41276.31,0.81
2020-07-15,1744.88,1782.6,1752.53,1744.71,40712.94,-9.47,-0.54,1743.274,1677.15,1561.353,43933.46,47233.27,37624.53,0.32
2020-07-14,1781.99,1782.03,1762.0,1748.4,46093.51,-19.99,-1.12,1729.036,1651.324,1542.876,46424.87,47030.22,37319.66,0.37
2020-07-13,1714.68,1787.0,1781.99,1714.68,60727.16,68.14,3.98,1714.236,1621.412,1525.595,50538.95,44665.49,36436.35,0.48
2020-07-10,1689.0,1736.6,1713.85,1688.94,37100.44,7.85,0.46,1677.838,1589.53,1506.518,48757.91,41400.83,34935.58,0.3
2020-07-09,1691.0,1712.0,1706.0,1682.0,35033.24,24.66,1.47,1643.426,1564.146,1492.009,48362.98,40204.69,34215.59,0.28
2020-07-08,1680.0,1719.0,1681.34,1660.0,53169.98,-6.66,-0.4,1611.026,1540.996,1477.536,50533.08,40094.79,33594.53,0.42
2020-07-07,1603.09,1744.82,1688.0,1601.0,66663.93,88.0,5.5,1573.612,1516.762,1463.774,47635.58,37102.49,32401.05,0.53
2020-07-06,1538.0,1616.0,1600.0,1531.81,51821.96,58.21,3.77,1528.588,1491.946,1450.624,38792.02,34331.93,29985.21,0.41
2020-07-03,1550.0,1552.5,1541.79,1516.88,35125.81,-2.21,-0.14,1501.222,1473.246,1441.024,34043.75,31250.78,28295.98,0.28
2020-07-02,1499.0,1550.9,1544.0,1495.0,45883.72,49.73,3.33,1484.866,1459.567,1433.899,32046.39,29683.5,27717.56,0.37
2020-07-01,1468.0,1506.1,1494.27,1464.02,38682.49,31.39,2.15,1470.966,1445.555,1427.235,29656.5,28015.79,26721.38,0.31
2020-06-30,1463.12,1468.98,1462.88,1455.12,22446.14,-0.29,-0.02,1459.912,1434.428,1423.496,26569.4,27609.09,26561.24,0.18
2020-06-29,1448.0,1466.0,1463.17,1437.01,28080.61,3.16,0.22,1455.304,1429.777,1418.682,29871.84,28207.21,26961.15,0.22
2020-06-24,1463.6,1465.71,1460.01,1445.0,25138.99,2.53,0.17,1445.27,1423.506,1412.724,28457.8,28470.32,26881.41,0.2
2020-06-23,1435.0,1482.0,1474.5,1433.52,33934.26,35.5,2.47,1434.268,1419.871,1406.623,27320.61,28226.5,26963.34,0.27
2020-06-22,1435.1,1443.89,1439.0,1433.2,23247.0,-0.84,-0.06,1420.144,1414.076,1400.798,26375.09,27094.26,26390.13,0.19
2020-06-19,1420.0,1445.2,1439.84,1415.1,38958.33,26.84,1.9,1408.944,1410.786,1396.993,28648.77,27699.61,26805.83,0.31
2020-06-18,1404.9,1413.2,1413.0,1400.1,21010.41,8.0,0.57,1404.25,1409.302,1391.411,26542.59,25638.48,26579.29,0.17
2020-06-17,1411.86,1411.9,1405.0,1395.02,19453.07,1.12,0.08,1401.742,1408.801,1389.066,28482.85,25341.18,26681.35,0.15
2020-06-16,1398.5,1414.0,1403.88,1393.13,29206.64,20.88,1.51,1405.474,1408.231,1386.366,29132.38,25751.61,26767.86,0.23
2020-06-15,1402.0,1411.6,1383.0,1381.0,34615.41,-33.37,-2.36,1408.008,1408.914,1383.478,27813.44,25426.96,26546.9,0.28
2020-06-12,1387.17,1416.37,1416.37,1383.31,28427.42,15.91,1.14,1412.628,1412.564,1381.638,26750.45,25513.39,26534.24,0.23
2020-06-11,1411.01,1417.99,1400.46,1396.99,30711.71,-23.2,-1.63,1414.354,1407.587,1376.47,24734.37,25715.09,26432.77,0.24
2020-06-10,1425.0,1433.33,1423.66,1417.0,22700.74,7.11,0.5,1415.86,1401.941,1372.776,22199.51,25292.51,25825.93,0.18
2020-06-09,1408.0,1425.0,1416.55,1400.68,22611.91,10.45,0.74,1410.988,1393.375,1368.391,22370.84,25700.17,25791.61,0.18
2020-06-08,1425.0,1435.0,1406.1,1402.01,29300.45,-18.9,-1.33,1409.82,1387.52,1364.213,23040.48,25686.0,25647.11,0.23
2020-06-05,1405.25,1428.88,1425.0,1401.08,18347.06,17.01,1.21,1412.5,1383.2,1360.059,24276.34,25912.06,25365.64,0.15
2020-06-04,1396.0,1411.0,1407.99,1396.0,18037.41,8.69,0.62,1400.82,1373.52,1354.539,26695.8,27520.1,25902.22,0.14
2020-06-03,1415.0,1417.5,1399.3,1395.77,23557.36,-11.41,-0.81,1388.022,1369.331,1349.74,28385.5,28021.51,26397.09,0.19
2020-06-02,1416.01,1427.9,1410.71,1406.66,25960.1,-8.79,-0.62,1375.762,1364.501,1344.775,29029.51,27784.12,27010.96,0.21
2020-06-01,1381.0,1420.1,1419.5,1381.0,35479.76,52.9,3.87,1365.22,1358.041,1337.524,28331.52,27666.85,26946.0,0.28
2020-05-29,1332.1,1369.98,1366.6,1332.1,30444.35,22.6,1.68,1353.9,1350.712,1330.294,27547.77,27555.09,26344.22,0.24
2020-05-28,1337.97,1346.94,1344.0,1321.13,26485.91,6.0,0.45,1346.22,1345.352,1325.921,28344.39,27150.46,26555.09,0.21
2020-05-27,1359.0,1360.0,1338.0,1333.0,26777.41,-20.0,-1.47,1350.64,1343.611,1322.521,27657.53,26359.36,26525.99,0.21
2020-05-26,1369.88,1369.95,1358.0,1355.0,22470.19,-4.9,-0.36,1353.24,1343.406,1318.149,26538.73,25883.05,26143.24,0.18
2020-05-25,1330.0,1366.58,1362.9,1321.0,31561.0,34.7,2.61,1350.862,1340.906,1312.862,27002.18,25608.21,26364.66,0.25
2020-05-22,1366.0,1366.1,1328.2,1322.88,34427.46,-37.9,-2.77,1347.524,1336.917,1306.942,27562.4,24819.23,26988.35,0.27
2020-05-21,1355.0,1371.96,1366.1,1352.86,23051.58,15.1,1.12,1344.484,1335.558,1300.532,25956.53,24284.35,26728.18,0.18
2020-05-20,1346.11,1359.18,1351.0,1336.81,21183.4,4.89,0.36,1336.582,1330.148,1293.592,25061.19,24772.67,26787.54,0.17
2020-05-19,1364.0,1364.0,1346.11,1338.0,24787.46,-0.1,-0.01,1333.572,1325.048,1287.342,25227.38,26237.81,27640.65,0.2
2020-05-18,1306.0,1351.5,1346.21,1305.13,34362.11,33.21,2.53,1330.95,1317.007,1279.891,24214.25,26225.15,27487.67,0.27
2020-05-15,1329.0,1333.5,1313.0,1301.88,26398.08,-13.59,-1.02,1326.31,1309.876,1272.061,22076.06,25133.35,27236.18,0.21
2020-05-14,1330.0,1334.88,1326.59,1325.11,18574.92,-9.36,-0.7,1326.632,1306.489,1265.666,22612.18,25959.73,27756.25,0.15
2020-05-13,1333.0,1337.99,1335.95,1322.88,22014.31,2.95,0.22,1323.714,1301.43,1257.451,24484.15,26692.63,27626.58,0.18
2020-05-12,1318.0,1334.99,1333.0,1316.0,19721.81,9.99,0.76,1316.524,1292.891,1248.904,27248.25,26403.44,27916.08,0.16
2020-05-11,1320.0,1335.0,1323.01,1313.67,23671.19,8.4,0.64,1303.064,1284.817,1240.179,28236.06,27121.11,28070.84,0.19
2020-05-08,1317.0,1338.0,1314.61,1308.51,29078.68,2.61,0.2,1293.442,1276.966,1232.016,28190.63,29157.46,28098.5,0.23
2020-05-07,1299.4,1314.99,1312.0,1293.0,27934.74,12.0,0.92,1286.346,1265.505,1224.283,29307.28,29172.02,28818.96,0.22
2020-05-06,1251.0,1300.0,1300.0,1250.0,35834.81,34.3,2.71,1279.146,1257.035,1215.673,28901.11,28802.41,28803.11,0.29
2020-04-30,1271.0,1285.01,1265.7,1258.88,24660.87,-9.2,-0.72,1269.258,1249.635,1207.923,25558.63,29043.49,29271.65,0.2
2020-04-29,1277.8,1288.1,1274.9,1258.0,23444.06,-4.23,-0.33,1266.57,1242.775,1199.788,26006.16,28750.18,29698.87,0.19
2020-04-28,1285.31,1299.94,1279.13,1271.88,34661.9,3.13,0.24,1260.49,1234.245,1191.593,30124.29,29339.0,30925.89,0.28
2020-04-27,1257.0,1278.17,1276.0,1250.96,25903.91,25.44,2.03,1244.664,1224.842,1181.236,29036.75,29552.77,30727.16,0.21
2020-04-24,1248.0,1259.89,1250.56,1235.18,19122.4,-1.7,-0.14,1234.924,1213.472,1171.211,28703.7,28560.52,31245.02,0.15
2020-04-23,1250.0,1265.68,1252.26,1247.77,26898.51,7.76,0.62,1230.012,1204.916,1161.929,32528.36,29428.72,31791.33,0.21
2020-04-22,1206.0,1249.5,1244.5,1202.22,44034.73,44.5,3.71,1218.98,1195.54,1153.321,31494.2,29020.56,32298.84,0.35
2020-04-21,1221.02,1223.99,1200.0,1193.0,29224.22,-27.3,-2.22,1208.0,1187.066,1143.896,28553.72,27039.53,32429.65,0.23
2020-04-20,1221.0,1231.5,1227.3,1216.8,24238.64,1.3,0.11,1205.02,1183.061,1134.846,30068.78,28465.91,33392.04,0.19
2020-04-17,1210.0,1234.56,1226.0,1205.01,38245.69,28.9,2.41,1192.02,1174.31,1125.245,28417.35,28803.81,35187.07,0.3
2020-04-16,1192.97,1197.1,1197.1,1184.1,21727.74,7.5,0.63,1179.82,1166.21,1113.745,26329.08,29499.8,38388.04,0.17
2020-04-15,1192.0,1203.99,1189.6,1187.1,29332.29,4.5,0.38,1172.1,1156.8,1104.29,26546.92,30647.56,40974.65,0.23
2020-04-14,1176.0,1191.55,1185.1,1166.0,36799.55,22.8,1.96,1166.132,1148.94,1097.065,25525.35,32512.77,43475.99,0.29
2020-04-13,1165.0,1169.98,1162.3,1148.5,15981.47,-2.7,-0.23,1161.102,1137.63,1091.16,26863.04,31901.56,44197.64,0.13
2020-04-10,1157.88,1181.5,1165.0,1153.5,27804.34,6.5,0.56,1156.6,1128.95,1088.646,29190.27,33929.52,47192.83,0.22
2020-04-09,1166.0,1169.0,1158.5,1147.96,22816.97,-1.26,-0.11,1152.6,1118.942,1087.321,32670.52,34153.94,47634.14,0.18
2020-04-08,1152.0,1166.31,1159.76,1152.0,24224.42,-0.19,-0.02,1141.5,1111.102,1087.322,34748.2,35577.11,48270.67,0.19
2020-04-07,1161.95,1166.5,1159.95,1148.89,43488.0,20.16,1.77,1131.748,1100.726,1087.134,39500.19,37819.77,49962.6,0.35
2020-04-03,1139.03,1147.96,1139.79,1131.98,27617.61,-5.21,-0.46,1114.158,1086.631,1084.837,36940.07,38318.18,49958.4,0.22
2020-04-02,1104.0,1145.0,1145.0,1103.88,45205.61,42.0,3.81,1101.3,1076.18,1085.623,38668.77,41570.33,50109.57,0.36
2020-04-01,1117.0,1129.0,1103.0,1103.0,33205.35,-8.0,-0.72,1085.284,1061.28,1086.923,35637.36,47276.28,50970.62,0.26
2020-03-31,1082.0,1115.0,1111.0,1081.8,47984.37,39.0,3.64,1080.704,1051.779,1088.219,36406.02,51301.73,52000.0,0.38
2020-03-30,1060.25,1077.0,1072.0,1057.0,30687.41,-3.5,-0.33,1069.704,1045.189,1088.319,36139.34,54439.21,52113.29,0.24
2020-03-27,1085.0,1092.0,1075.5,1075.01,36261.12,10.58,0.99,1059.104,1044.689,1089.019,39696.28,56493.72,52962.07,0.29
2020-03-26,1073.33,1091.2,1064.92,1062.0,30048.56,-15.18,-1.41,1051.06,1048.342,1088.094,44471.89,60456.14,53646.34,0.24
2020-03-25,1087.98,1091.36,1080.1,1074.2,37048.66,24.1,2.28,1037.276,1055.7,1089.218,58915.2,61114.35,53868.83,0.29
2020-03-24,1043.0,1058.88,1056.0,1035.0,46650.96,37.0,3.63,1022.854,1063.542,1088.898,66197.44,60964.24,54194.44,0.37
2020-03-23,1000.0,1035.28,1019.0,991.52,48472.1,-16.28,-1.57,1020.674,1073.542,1089.838,72739.07,62105.43,53781.18,0.39
2020-03-20,1011.0,1043.0,1035.28,1011.0,60139.19,39.28,3.94,1030.274,1083.043,1093.247,73291.16,61598.63,53290.09,0.48
2020-03-19,993.99,1015.0,996.0,960.1,102265.07,-11.99,-1.19,1045.624,1095.065,1097.127,76440.38,58648.81,51730.13,0.81
2020-03-18,1040.0,1060.0,1007.99,1007.99,73459.88,-37.11,-3.55,1074.124,1112.565,1103.227,63313.5,54664.95,48957.01,0.58
2020-03-17,1055.0,1078.0,1045.1,1011.12,79359.12,-21.9,-2.05,1104.23,1124.658,1107.653,55731.03,52698.26,47136.59,0.63
2020-03-16,1103.98,1107.95,1067.0,1062.0,51232.54,-45.03,-4.05,1126.41,1131.448,1109.598,51471.8,49787.37,44501.88,0.41
2020-03-13,1090.0,1128.98,1112.03,1080.0,75885.31,-26.47,-2.33,1135.812,1133.349,1110.939,49906.11,49430.42,43291.67,0.6
2020-03-12,1141.22,1153.0,1138.5,1125.1,36630.63,-20.02,-1.73,1144.506,1127.846,1109.737,40857.24,46836.54,40661.78,0.29
2020-03-11,1155.5,1169.58,1158.52,1141.0,35547.57,2.52,0.22,1151.006,1122.735,1107.362,46016.41,46623.31,40348.12,0.28
2020-03-10,1113.0,1168.0,1156.0,1113.0,58062.93,41.99,3.77,1145.086,1114.253,1104.3,49665.49,47424.65,39977.01,0.46
2020-03-09,1135.0,1135.0,1114.01,1111.31,43404.09,-41.49,-3.59,1136.486,1106.134,1101.4,48102.94,45456.92,39469.76,0.35
2020-03-06,1163.0,1176.0,1155.5,1151.98,30641.0,-15.5,-1.32,1130.886,1103.451,1099.024,48954.73,44981.54,38826.23,0.24
2020-03-05,1136.31,1174.99,1171.0,1130.56,62426.45,42.08,3.73,1111.186,1099.189,1095.049,52815.84,44811.45,38858.11,0.5
2020-03-04,1125.0,1139.0,1128.92,1116.24,53792.99,15.92,1.43,1094.464,1093.889,1090.049,47230.21,43249.07,38095.35,0.43
2020-03-03,1098.0,1118.88,1113.0,1098.0,50250.15,26.99,2.48,1083.42,1090.647,1086.102,45183.8,41574.92,37776.61,0.4
2020-03-02,1050.11,1096.55,1086.01,1050.01,47663.04,29.01,2.75,1075.782,1087.747,1082.353,42810.9,39216.4,38395.31,0.38
2020-02-28,1070.3,1082.0,1057.0,1049.97,49946.57,-30.39,-2.79,1076.016,1088.528,1078.248,41008.36,37152.92,42184.31,0.4
2020-02-27,1076.0,1094.99,1087.39,1076.0,34498.29,13.69,1.27,1087.192,1091.628,1078.038,36807.06,34487.02,42360.4,0.27
2020-02-26,1062.0,1084.0,1073.7,1055.0,43560.97,-1.11,-0.1,1093.314,1091.989,1077.444,39267.93,34072.93,42445.49,0.35
2020-02-25,1078.0,1082.09,1074.81,1067.88,38385.62,-12.37,-1.14,1097.874,1094.346,1077.524,37966.03,32529.37,41911.14,0.31
2020-02-24,1105.5,1110.0,1087.18,1085.5,38650.36,-25.7,-2.31,1099.712,1096.665,1078.334,35621.9,33482.6,41761.42,0.31
2020-02-21,1111.46,1123.54,1112.88,1110.01,28940.08,-5.12,-0.46,1101.04,1094.596,1079.35,33297.47,32670.91,41002.54,0.23
2020-02-20,1096.7,1124.0,1118.0,1095.41,46802.62,21.5,1.96,1096.064,1090.908,1079.056,32166.97,32904.77,40715.12,0.37
2020-02-19,1085.0,1101.5,1096.5,1078.0,37051.47,12.5,1.15,1090.664,1086.208,1078.762,28877.92,32941.63,39676.45,0.29
2020-02-18,1090.01,1096.88,1084.0,1083.0,26664.96,-9.82,-0.9,1090.818,1081.557,1079.307,27092.71,33978.31,39581.11,0.21
2020-02-17,1082.5,1096.19,1093.82,1082.4,27028.22,5.82,0.54,1093.618,1076.958,1081.321,31343.31,37574.23,40173.65,0.22
2020-02-14,1090.45,1093.51,1088.0,1083.11,23287.6,-3.0,-0.28,1088.152,1067.968,1082.255,32044.35,47215.7,40621.03,0.19
2020-02-13,1098.0,1113.89,1091.0,1088.01,30357.36,-6.27,-0.57,1085.752,1064.448,1082.99,33642.57,50233.78,41326.94,0.24
2020-02-12,1089.0,1098.79,1097.27,1085.88,28125.43,-0.73,-0.07,1081.752,1062.899,1082.847,37005.34,50818.05,41059.49,0.22
2020-02-11,1063.0,1099.68,1098.0,1062.8,47917.93,31.51,2.96,1072.296,1060.702,1082.71,40863.9,51292.91,42045.89,0.38
2020-02-10,1062.0,1074.6,1066.49,1057.2,30533.42,-9.51,-0.88,1060.298,1060.002,1081.709,43805.15,50040.25,42820.74,0.24
2020-02-07,1070.01,1077.0,1076.0,1061.02,31278.71,5.0,0.47,1047.784,1064.103,1082.313,62387.04,49334.18,47810.0,0.25
2020-02-06,1059.43,1075.0,1071.0,1052.02,47171.21,21.01,2.0,1043.144,1067.203,1085.013,66824.99,48525.47,53651.03,0.38
2020-02-05,1050.0,1054.0,1049.99,1033.03,47418.24,11.98,1.15,1044.046,1071.316,1090.613,64630.75,46411.26,52421.91,0.38
2020-02-04,1015.0,1057.0,1038.01,1011.01,62624.18,34.09,3.4,1049.108,1077.057,1097.403,61721.92,45183.9,52089.03,0.5
2020-02-03,985.0,1010.68,1003.92,980.0,123442.88,-48.88,-4.64,1059.706,1085.683,1103.653,56275.34,42773.06,51311.13,0.98
2020-01-23,1076.0,1076.0,1052.8,1037.0,53468.43,-22.71,-2.11,1080.422,1096.541,1110.212,36281.31,34026.36,46282.85,0.43
2020-01-22,1070.0,1084.0,1075.51,1055.38,36200.04,0.21,0.02,1091.262,1101.531,1114.257,30225.96,32420.1,44824.73,0.29
2020-01-21,1081.0,1087.0,1075.3,1072.3,32874.05,-15.7,-1.44,1098.586,1102.794,1117.881,28191.77,31300.93,43605.88,0.26
2020-01-20,1111.86,1111.86,1091.0,1082.0,35391.3,-16.5,-1.49,1105.006,1104.717,1121.581,28645.89,32798.88,43258.14,0.28
2020-01-17,1110.0,1112.78,1107.5,1101.01,23472.75,0.5,0.04,1111.66,1103.416,1124.346,29270.78,35601.23,42666.77,0.19
2020-01-16,1118.87,1118.87,1107.0,1102.58,23191.65,-5.13,-0.46,1112.66,1100.522,1126.841,31771.41,46285.83,42470.74,0.18
2020-01-15,1109.01,1121.6,1112.13,1105.0,26029.11,4.73,0.43,1111.8,1102.822,1129.891,34614.25,58776.58,42293.17,0.21
2020-01-14,1124.2,1124.89,1107.4,1103.0,35144.65,-16.87,-1.5,1107.002,1109.909,1132.784,34410.08,58432.55,43122.56,0.28
2020-01-13,1112.5,1129.2,1124.27,1112.0,38515.75,11.77,1.06,1104.428,1117.749,1134.81,36951.87,58994.15,42912.15,0.31
2020-01-10,1109.0,1115.99,1112.5,1102.5,35975.87,9.8,0.89,1095.172,1121.622,1136.746,41931.67,59849.21,42486.39,0.29
2020-01-09,1094.0,1105.39,1102.7,1090.0,37405.87,14.56,1.34,1088.384,1123.882,1137.971,60800.25,58539.35,42158.05,0.3
2020-01-08,1085.05,1095.5,1088.14,1082.58,25008.25,-6.39,-0.58,1093.844,1126.982,1140.785,82938.91,57229.36,41016.16,0.2
2020-01-07,1077.5,1099.0,1094.53,1076.4,47853.59,16.54,1.53,1112.816,1132.968,1144.598,82455.02,55910.84,40520.08,0.38
2020-01-06,1070.86,1092.9,1077.99,1067.3,63414.78,-0.57,-0.05,1131.07,1138.445,1147.807,81036.44,53717.4,39218.6,0.5
2020-01-03,1117.0,1117.0,1078.56,1076.9,130318.78,-51.44,-4.55,1148.072,1145.276,1152.407,77766.74,49732.31,38023.18,1.04
2020-01-02,1128.0,1145.06,1130.0,1116.0,148099.16,-53.0,-4.48,1159.38,1153.16,1154.969,56278.44,38655.66,32574.18,1.18
2019-12-31,1183.0,1188.0,1183.0,1176.51,22588.81,-2.8,-0.24,1160.12,1156.96,1154.586,31519.8,25809.75,26933.37,0.18
2019-12-30,1170.2,1195.5,1185.8,1170.2,40760.66,22.8,1.96,1153.12,1155.658,1151.336,29366.66,27812.57,27170.98,0.32
2019-12-27,1150.0,1172.0,1163.0,1150.0,47066.28,27.9,2.46,1145.82,1151.87,1148.696,26398.36,26830.14,26672.17,0.37
2019-12-26,1132.0,1141.98,1135.1,1119.99,22877.27,1.4,0.12,1142.48,1151.87,1146.996,21697.87,25123.57,28438.72,0.18
2019-12-25,1143.0,1143.0,1133.7,1130.01,24305.97,-14.3,-1.25,1146.94,1152.06,1149.031,21032.88,25776.76,28737.1,0.19
2019-12-24,1153.0,1155.0,1148.0,1145.0,11823.1,-1.3,-0.11,1153.8,1154.588,1151.843,20099.7,24802.96,28514.25,0.09
2019-12-23,1139.0,1162.5,1149.3,1136.0,25919.18,3.0,0.26,1158.196,1156.228,1153.693,26258.47,25129.31,29935.07,0.21
2019-12-20,1162.18,1162.18,1146.3,1141.5,23563.84,-11.1,-0.96,1157.92,1157.168,1155.331,27261.92,24719.81,30553.2,0.19
2019-12-19,1163.0,1163.0,1157.4,1152.0,19552.3,-10.6,-0.91,1161.26,1159.538,1157.716,28549.27,26314.05,31727.72,0.16
2019-12-18,1174.0,1175.2,1168.0,1164.0,19640.09,-1.98,-0.17,1157.18,1156.778,1161.411,30520.64,26492.7,31709.48,0.16
2019-12-17,1149.7,1173.6,1169.98,1143.03,42616.96,22.06,1.92,1155.376,1152.211,1164.699,29506.22,28057.0,31491.5,0.34
2019-12-16,1163.0,1163.0,1147.92,1137.94,30936.42,-15.08,-1.3,1154.26,1147.013,1167.816,24000.15,26529.39,30391.84,0.25
2019-12-13,1146.0,1165.0,1163.0,1146.0,30000.59,26.0,2.29,1156.416,1145.521,1171.784,22177.69,26514.19,29746.9,0.24
2019-12-12,1156.0,1159.94,1137.0,1130.08,29409.16,-21.98,-1.9,1157.816,1142.121,1174.879,24078.82,31753.86,29063.91,0.23
2019-12-11,1168.0,1170.75,1158.98,1155.55,14567.99,-5.42,-0.47,1156.376,1146.001,1179.529,22464.75,31697.45,28769.5,0.12
2019-12-10,1159.6,1165.0,1164.4,1151.0,15086.58,5.7,0.49,1149.046,1149.098,1182.78,26607.77,32225.53,29639.96,0.12
2019-12-09,1175.0,1176.0,1158.7,1156.1,21824.12,-11.3,-0.97,1139.766,1151.158,1184.64,29058.64,34740.83,29843.16,0.17
2019-12-06,1135.97,1170.0,1170.0,1130.1,39506.26,40.2,3.56,1134.626,1153.494,1186.655,30850.69,36386.6,29619.07,0.31
2019-12-05,1125.0,1132.01,1129.8,1118.0,21338.79,7.47,0.67,1126.426,1155.894,1188.405,39428.91,37141.4,28869.37,0.17
2019-12-04,1140.0,1144.66,1122.33,1118.0,35283.08,4.33,0.39,1135.626,1166.044,1191.983,40930.15,36926.26,28610.82,0.28
2019-12-03,1133.0,1133.0,1118.0,1117.74,27340.93,-15.0,-1.32,1149.15,1177.186,1195.517,37843.29,34926.0,27833.54,0.22
2019-12-02,1118.2,1140.02,1133.0,1118.2,30784.41,4.0,0.35,1162.55,1188.618,1199.567,40423.03,34254.28,27579.23,0.25
2019-11-29,1165.5,1165.5,1129.0,1112.89,82397.32,-46.8,-3.98,1172.362,1198.046,1202.896,41922.5,32979.61,27376.91,0.66
2019-11-28,1194.97,1197.51,1175.8,1169.02,28844.99,-14.15,-1.19,1185.362,1207.636,1205.696,34853.89,26373.95,24397.64,0.23
2019-11-27,1192.8,1196.62,1189.95,1184.51,19848.81,4.95,0.42,1196.462,1213.056,1205.907,32922.37,25841.56,24250.86,0.16
2019-11-26,1186.68,1198.6,1185.0,1183.0,40239.61,2.94,0.25,1205.222,1216.461,1205.599,32008.71,27054.39,24321.15,0.32
2019-11-25,1188.05,1194.0,1182.06,1172.06,38281.75,-11.94,-1.0,1214.686,1218.121,1205.999,28085.54,24945.48,23699.36,0.3
2019-11-22,1223.0,1229.0,1194.0,1185.0,47054.28,-37.3,-3.03,1223.73,1219.815,1205.811,24036.72,22851.55,22909.57,0.37
2019-11-21,1231.0,1235.51,1231.3,1221.06,19187.39,-2.45,-0.2,1229.91,1220.915,1204.678,17894.01,20597.33,21856.78,0.15
2019-11-20,1230.0,1239.51,1233.75,1228.06,15280.53,1.43,0.12,1229.65,1217.922,1200.627,18760.76,20295.38,22206.33,0.12
2019-11-19,1228.0,1241.61,1232.32,1225.02,20623.75,5.04,0.41,1227.7,1213.847,1196.885,22100.06,20741.08,22596.31,0.16
2019-11-18,1225.12,1229.45,1227.28,1218.0,18037.66,2.38,0.19,1221.556,1210.515,1193.809,21805.42,20904.18,22530.6,0.14
2019-11-15,1230.0,1232.91,1224.9,1221.5,16340.72,-5.1,-0.41,1215.9,1207.746,1190.87,21666.38,21774.21,22892.45,0.13
2019-11-14,1227.0,1240.0,1230.0,1222.0,23521.12,6.0,0.49,1211.92,1203.756,1188.414,23300.66,22421.33,23489.99,0.19
2019-11-13,1207.0,1227.8,1224.0,1200.0,31977.04,22.4,1.86,1206.194,1198.757,1186.081,21830.01,22660.15,23839.37,0.25
2019-11-12,1204.0,1209.6,1201.6,1198.21,19150.55,2.6,0.22,1199.994,1194.737,1183.381,19382.1,21587.92,25198.05,0.15
2019-11-11,1201.5,1206.2,1199.0,1193.51,17342.46,-6.0,-0.5,1199.474,1193.877,1183.851,20002.94,22453.24,26242.26,0.14
2019-11-08,1205.0,1215.65,1205.0,1201.51,24512.11,3.63,0.3,1199.592,1191.806,1182.901,21882.04,22967.59,26734.51,0.2
2019-11-07,1196.51,1201.88,1201.37,1189.0,16167.88,8.37,0.7,1195.592,1188.441,1181.381,21542.01,23116.22,26943.37,0.13
2019-11-06,1197.0,1204.0,1193.0,1188.88,19737.51,-6.0,-0.5,1191.32,1183.331,1179.062,23490.29,24117.28,28193.66,0.16
2019-11-05,1199.5,1205.0,1199.0,1192.0,22254.72,-0.59,-0.05,1189.48,1179.922,1176.753,23793.74,24451.55,28996.21,0.18
2019-11-04,1190.0,1209.99,1199.59,1189.0,26737.98,14.59,1.23,1188.28,1177.102,1175.158,24903.53,24157.02,29435.74,0.21
2019-11-01,1181.0,1191.95,1185.0,1172.5,22811.96,4.99,0.42,1184.02,1173.993,1172.678,24053.14,24010.69,29640.1,0.18
2019-10-31,1196.0,1198.0,1180.01,1176.15,25909.27,-3.79,-0.32,1181.29,1173.072,1172.166,24690.43,24558.65,29640.83,0.21
2019-10-30,1190.0,1192.7,1183.8,1176.0,21254.75,-9.2,-0.77,1175.342,1173.404,1171.515,24744.27,25018.6,29649.46,0.17
2019-10-29,1181.11,1199.96,1193.0,1177.77,27803.71,14.71,1.25,1170.364,1172.024,1171.025,25109.36,28808.18,29787.96,0.22
2019-10-28,1166.01,1181.01,1178.29,1165.0,22485.99,6.94,0.59,1165.924,1173.824,1170.575,23410.5,30031.28,30211.23,0.18
2019-10-25,1153.3,1172.5,1171.35,1143.03,25998.45,21.08,1.83,1163.966,1173.995,1169.111,23968.24,30501.43,30588.24,0.21
2019-10-24,1164.95,1166.0,1150.27,1147.16,26178.44,-8.64,-0.75,1164.854,1174.32,1168.414,24426.87,30770.51,31169.65,0.21
2019-10-23,1168.0,1178.0,1158.91,1156.11,23080.21,-11.89,-1.02,1171.466,1174.793,1168.151,25292.92,32270.04,31084.72,0.18
2019-10-22,1178.0,1181.5,1170.8,1163.89,19309.43,2.3,0.2,1173.684,1173.583,1167.65,32507.0,33540.88,33396.43,0.15
2019-10-21,1171.86,1178.9,1168.5,1163.3,25274.67,-7.29,-0.62,1181.724,1173.213,1163.811,36652.06,34714.46,33690.81,0.2
2019-10-18,1179.0,1189.99,1175.79,1171.69,28291.61,-7.54,-0.64,1184.024,1171.363,1160.336,37034.63,35269.51,33995.67,0.23
2019-10-17,1176.0,1186.66,1183.33,1162.5,30508.7,13.33,1.14,1183.786,1171.259,1156.496,37114.16,34723.01,34641.65,0.24
2019-10-16,1168.0,1187.5,1170.0,1160.0,59150.59,-41.0,-3.39,1178.12,1169.626,1150.806,39247.16,34280.33,37202.04,0.47
2019-10-15,1180.0,1215.68,1211.0,1177.03,40034.73,31.0,2.63,1173.482,1170.026,1148.498,34574.75,30767.73,35555.87,0.32
2019-10-14,1186.0,1187.66,1180.0,1170.0,27187.51,5.4,0.46,1164.702,1167.326,1144.774,32776.86,30391.17,35023.1,0.22
2019-10-11,1157.0,1175.0,1174.6,1152.21,28689.25,19.6,1.7,1158.702,1164.226,1142.899,33504.39,30675.05,34972.55,0.23
2019-10-10,1127.0,1158.93,1155.0,1109.02,41173.7,8.19,0.71,1158.732,1162.508,1141.369,32331.86,31568.79,35184.63,0.33
2019-10-09,1166.2,1166.2,1146.81,1135.05,35788.57,-20.29,-1.74,1161.132,1161.508,1139.869,29313.51,29899.4,34805.96,0.28
2019-10-08,1153.0,1180.0,1167.1,1152.01,31045.27,17.1,1.49,1166.57,1161.717,1139.529,26960.71,33251.99,34490.78,0.25
2019-09-30,1163.0,1169.43,1150.0,1150.0,30825.14,-24.75,-2.11,1169.95,1154.408,1138.112,28005.48,32667.16,34350.24,0.25
2019-09-27,1164.0,1183.0,1174.75,1153.0,22826.61,7.75,0.66,1169.75,1149.308,1137.712,27845.72,32721.83,35053.52,0.18
2019-09-26,1174.94,1183.35,1167.0,1158.81,26081.94,-7.0,-0.6,1166.284,1141.733,1134.629,30805.73,34560.3,35378.71,0.21
2019-09-25,1180.0,1188.87,1174.0,1170.5,24024.58,-10.0,-0.84,1161.884,1131.985,1131.285,30485.3,40123.76,36425.1,0.19
2019-09-24,1155.0,1184.9,1184.0,1152.0,36269.13,35.0,3.05,1156.864,1126.97,1128.035,39543.28,40344.01,37832.08,0.29
2019-09-23,1157.0,1157.0,1149.0,1131.0,30026.33,-8.42,-0.73,1138.866,1122.222,1123.982,37328.84,39655.03,38443.52,0.24
2019-09-20,1151.0,1160.0,1157.42,1147.59,37626.66,12.42,1.08,1128.866,1121.571,1123.037,37597.93,39270.05,38951.81,0.3
2019-09-19,1148.0,1150.0,1145.0,1137.1,24479.8,-3.9,-0.34,1117.182,1120.229,1120.366,38314.87,38800.47,38950.02,0.19
2019-09-18,1108.5,1150.0,1148.9,1108.18,69314.47,54.89,5.02,1102.086,1118.23,1116.416,49762.21,39712.51,38979.36,0.55
2019-09-17,1094.0,1106.66,1094.01,1087.0,25196.93,-4.99,-0.45,1097.076,1117.34,1112.471,41144.73,35729.58,36943.74,0.2
2019-09-16,1083.0,1103.95,1099.0,1083.0,31371.8,0.0,0.0,1105.578,1121.815,1110.565,41981.22,36033.32,37327.28,0.25
2019-09-12,1066.0,1109.98,1099.0,1066.0,41211.33,29.48,2.76,1114.276,1126.115,1108.345,40942.17,37385.21,37563.02,0.33
2019-09-11,1119.22,1119.97,1069.52,1068.0,81716.54,-54.33,-4.83,1123.276,1127.525,1105.64,39286.08,36197.12,36864.33,0.65
2019-09-10,1134.3,1135.0,1123.85,1120.01,26227.07,-12.67,-1.11,1134.374,1130.584,1104.33,29662.81,32726.43,34849.05,0.21
2019-09-09,1145.0,1148.0,1136.52,1135.0,29379.34,-5.97,-0.52,1137.604,1129.099,1099.035,30314.42,35320.15,35054.18,0.23
2019-09-06,1144.5,1146.15,1142.49,1131.0,26176.59,-1.51,-0.13,1138.052,1125.742,1093.141,30085.41,37232.0,37660.16,0.21
2019-09-05,1129.0,1144.9,1144.0,1128.0,32930.84,18.99,1.69,1137.954,1124.503,1084.118,33828.25,38633.57,37774.41,0.26
2019-09-04,1140.8,1142.91,1125.01,1120.11,33600.22,-14.99,-1.31,1131.774,1120.503,1075.502,33108.17,39099.57,38068.28,0.27
2019-09-03,1140.0,1151.02,1140.0,1128.56,29485.09,1.24,0.11,1126.794,1114.602,1066.501,35790.06,38246.21,37731.77,0.23
2019-09-02,1139.99,1144.98,1138.76,1129.0,28234.33,-3.24,-0.28,1120.594,1107.602,1056.816,40325.88,38157.91,38457.07,0.22
2019-08-30,1125.0,1146.0,1142.0,1123.0,44890.77,28.9,2.6,1113.432,1099.314,1047.0,44378.59,38621.24,38884.07,0.36
2019-08-29,1105.0,1118.18,1113.1,1092.5,29330.42,12.99,1.18,1111.052,1090.574,1037.622,43438.9,37740.83,38625.5,0.23
2019-08-28,1109.0,1123.19,1100.11,1083.01,47009.67,-8.89,-0.8,1109.232,1083.754,1029.932,45090.97,37531.53,38913.46,0.37
2019-08-27,1117.0,1131.31,1109.0,1109.0,52164.21,6.05,0.55,1102.41,1078.076,1023.557,40702.36,36971.66,37689.28,0.42
2019-08-26,1113.0,1128.0,1102.95,1096.68,48497.89,-27.15,-2.4,1094.61,1068.971,1017.053,35989.94,34788.21,36057.97,0.39
2019-08-23,1105.0,1133.56,1130.1,1095.62,40192.3,26.1,2.36,1085.196,1060.539,1010.726,32863.88,38088.31,34982.14,0.32
2019-08-22,1072.99,1104.0,1104.0,1070.0,37590.78,38.0,3.56,1070.096,1043.732,1002.473,32042.77,36915.25,34295.91,0.3
2019-08-21,1070.1,1076.97,1066.0,1061.66,25066.62,-4.0,-0.37,1058.276,1030.5,995.423,29972.09,37036.99,34329.15,0.2
2019-08-20,1055.0,1073.68,1070.0,1050.0,28602.13,14.12,1.34,1053.742,1018.4,989.441,33240.96,37217.32,35414.38,0.23
2019-08-19,1061.0,1069.98,1055.88,1049.05,32867.58,1.28,0.12,1043.332,1006.03,983.64,33586.47,38756.23,35608.47,0.26
2019-08-16,1049.84,1075.58,1054.6,1041.0,36086.73,9.7,0.93,1035.882,994.685,978.697,43312.74,39146.9,35371.37,0.29
2019-08-15,1028.0,1046.48,1044.9,1028.0,27237.39,1.57,0.15,1017.368,984.67,973.76,41787.74,39510.17,34967.77,0.22
2019-08-14,1030.02,1051.9,1043.33,1030.02,41410.95,25.38,2.49,1002.724,976.11,968.89,44101.89,40295.38,35568.55,0.33
2019-08-13,1016.16,1026.0,1017.95,1010.68,30329.7,-0.68,-0.07,983.058,969.037,964.899,41193.69,38406.91,34771.45,0.24
2019-08-12,1010.31,1020.1,1018.63,995.01,81498.95,56.6,5.88,968.728,965.135,962.401,43925.98,37327.73,34917.22,0.65
2019-08-09,978.5,980.95,962.03,958.99,28461.7,-9.65,-0.99,953.488,960.913,960.266,34981.06,31875.97,33835.8,0.23
2019-08-08,953.5,974.0,971.68,952.0,38808.13,26.68,2.82,951.972,961.213,961.469,37232.6,31676.56,33821.4,0.31
2019-08-07,949.5,955.53,945.0,945.0,26869.98,-1.3,-0.14,949.496,960.345,961.96,36488.87,31621.32,33406.71,0.21
2019-08-06,931.0,948.0,946.3,923.8,43991.16,3.87,0.41,955.016,960.481,963.836,35620.12,33611.44,33471.54,0.35
2019-08-05,945.0,954.0,942.43,940.0,36774.31,-12.02,-1.26,961.542,961.249,965.324,30729.48,32460.72,32858.15,0.29
2019-08-02,944.0,957.98,954.45,943.0,39719.4,-4.85,-0.51,968.338,962.708,967.446,28770.88,31595.84,32700.11,0.32
2019-08-01,976.51,977.0,959.3,953.02,35089.52,-13.3,-1.37,970.454,962.85,969.714,26120.52,30425.38,33215.78,0.28
2019-07-31,975.0,981.77,972.6,966.59,22526.2,-6.33,-0.65,971.194,961.67,970.809,26753.76,30841.72,33772.13,0.18
2019-07-30,976.5,983.0,978.93,971.0,19537.97,2.52,0.26,965.946,960.76,971.574,31602.76,31135.99,36002.79,0.16
2019-07-29,962.03,979.5,976.41,960.01,26981.33,11.38,1.18,960.956,959.667,973.878,34191.95,32506.71,36978.95,0.21
2019-07-26,961.97,971.0,965.03,958.55,26467.59,2.03,0.21,957.078,959.619,976.65,34420.79,35795.62,38246.74,0.21
2019-07-25,945.97,963.36,963.0,938.15,38255.7,16.64,1.76,955.246,961.725,977.599,34730.23,35966.25,38477.78,0.3
2019-07-24,958.31,959.9,946.36,944.69,46771.2,-7.62,-0.8,952.146,963.575,979.266,34929.68,35192.1,38963.92,0.37
2019-07-23,962.3,962.59,953.98,943.86,32483.95,-3.04,-0.32,955.574,967.191,980.941,30669.21,33331.65,38104.77,0.26
2019-07-22,960.0,964.0,957.02,950.25,28125.49,1.15,0.12,958.378,969.399,982.391,30821.47,33255.58,39045.37,0.22
2019-07-19,955.0,960.8,955.87,948.0,28014.81,8.37,0.88,962.16,972.183,983.895,37170.45,33804.39,39928.05,0.22
2019-07-18,961.5,963.0,947.5,947.18,39252.95,-16.0,-1.66,968.204,976.578,984.917,37202.26,36006.18,40823.65,0.31
2019-07-17,968.0,972.99,963.5,962.13,25468.87,-4.5,-0.47,975.004,979.948,986.292,35454.51,36702.55,42224.6,0.2
2019-07-16,975.45,982.3,968.0,965.0,33245.24,-7.93,-0.81,978.808,982.388,984.717,35994.08,40869.59,43637.48,0.26
2019-07-15,967.8,980.1,975.93,951.13,59870.4,-10.16,-1.03,980.42,988.088,982.167,35689.69,41451.18,43447.28,0.48
2019-07-12,981.3,991.5,986.09,980.01,28173.85,4.59,0.47,982.206,993.681,978.951,30438.32,40697.86,42092.22,0.22
2019-07-11,989.96,998.38,981.5,976.0,30514.19,-1.02,-0.1,984.952,993.472,975.296,34810.09,40989.32,42806.28,0.24
2019-07-10,980.93,990.58,982.52,977.0,28166.7,6.46,0.66,984.892,994.957,971.721,37950.59,42735.74,42926.44,0.22
2019-07-09,979.3,989.0,976.06,968.35,31723.32,-8.8,-0.89,985.968,994.691,967.93,45745.11,42877.89,43405.47,0.25
2019-07-08,995.05,997.9,984.86,975.0,33613.52,-14.96,-1.5,995.756,995.383,964.672,47212.66,44835.15,45824.63,0.27
2019-07-05,986.0,1006.0,999.82,976.3,50032.71,18.62,1.9,1005.156,995.607,958.983,50957.41,46051.72,46919.08,0.4
2019-07-04,985.8,990.8,981.2,971.22,46216.68,-6.7,-0.68,1001.992,993.255,952.098,47168.54,45641.13,46156.78,0.37
2019-07-03,1020.0,1023.0,987.9,981.5,67139.32,-37.1,-3.62,1005.022,992.635,946.618,47520.9,47746.65,45549.32,0.53
2019-07-02,1025.0,1029.5,1025.0,1016.0,39061.09,-6.86,-0.67,1003.414,987.046,940.988,40010.67,46405.36,44176.82,0.31
2019-07-01,1004.52,1035.6,1031.86,1000.22,52337.23,47.86,4.86,995.01,976.246,934.338,42457.64,45443.39,43947.73,0.42
2019-06-28,985.99,988.88,984.0,971.33,31088.4,2.19,0.22,986.058,964.22,927.245,41146.04,43486.57,43120.56,0.25
2019-06-27,985.0,1001.0,996.35,981.12,47978.45,16.49,1.68,984.518,957.12,923.31,44113.71,44623.24,43578.5,0.38
2019-06-26,985.0,985.0,979.86,971.22,29588.18,-3.12,-0.32,980.248,948.485,919.088,47972.41,43117.13,44461.93,0.24
2019-06-25,992.0,999.0,982.98,967.0,51295.95,-4.12,-0.42,970.678,941.169,914.495,52800.05,43933.05,46721.16,0.41
2019-06-24,978.3,999.69,987.1,975.0,45779.2,10.8,1.11,957.482,933.96,909.296,48429.14,46814.1,46114.45,0.36
2019-06-21,969.97,984.49,976.3,964.5,45926.75,1.3,0.13,942.382,922.358,903.866,45827.11,47786.43,46027.2,0.37
2019-06-20,932.5,975.5,975.0,932.2,67271.97,42.99,4.61,929.722,910.941,898.101,45132.76,46672.44,46633.79,0.54
2019-06-19,940.0,946.7,932.01,932.01,53726.4,15.01,1.64,916.722,900.601,893.751,38261.85,43351.98,44872.27,0.43
2019-06-18,917.0,920.0,917.0,902.6,29441.38,5.4,0.59,911.66,894.93,891.901,35066.05,41948.29,44305.23,0.23
2019-06-17,907.0,926.94,911.6,906.02,32769.03,-1.4,-0.15,910.438,892.43,890.299,45199.07,42452.07,45053.57,0.26
2019-06-14,911.0,932.3,913.0,910.02,42455.04,3.0,0.33,902.334,890.27,890.058,49745.75,42754.55,45907.19,0.34
2019-06-13,910.0,912.3,910.0,897.0,32917.42,3.3,0.36,892.16,889.5,890.904,48212.11,42533.77,46011.45,0.26
2019-06-12,906.22,910.99,906.7,894.0,37747.4,-4.19,-0.46,884.48,889.691,891.754,48442.1,45806.72,47521.79,0.3
2019-06-11,876.0,915.61,910.89,875.0,80106.44,39.81,4.57,878.2,887.821,890.747,48830.52,49509.26,48633.58,0.64
2019-06-10,857.98,878.95,871.08,840.0,55502.46,8.95,1.04,874.422,884.632,889.803,39705.08,45414.8,46960.11,0.44
2019-06-06,875.62,875.77,862.13,858.0,34786.85,-9.47,-1.09,878.206,885.374,891.605,35763.35,44267.97,48180.36,0.28
2019-06-05,884.0,886.26,871.6,870.0,34067.36,-3.7,-0.42,886.84,885.261,891.439,36855.42,46595.14,51018.27,0.27
2019-06-04,895.0,895.43,875.3,871.0,39689.48,-16.7,-1.87,894.902,886.901,892.079,43171.34,46392.57,53409.05,0.32
2019-06-03,892.0,901.35,892.0,886.28,34479.24,2.0,0.23,897.442,888.871,892.814,50187.99,46662.18,56466.44,0.27
2019-05-31,900.53,906.99,890.0,890.0,35793.8,-15.3,-1.69,894.842,888.167,893.514,51124.53,47655.06,61497.47,0.28
2019-05-30,910.0,919.99,905.3,891.22,40247.2,-6.61,-0.72,892.542,889.846,897.714,52772.59,49059.84,61504.94,0.32
2019-05-29,888.01,924.95,911.91,888.01,65646.96,23.91,2.69,883.682,892.307,901.047,56334.87,49489.13,62121.19,0.52
2019-05-28,877.99,907.49,888.0,875.02,74772.77,9.0,1.02,878.9,893.816,902.702,49613.8,49236.86,61002.73,0.6
2019-05-27,879.1,882.99,879.0,860.05,39161.91,0.5,0.06,880.3,893.673,905.92,43136.37,47757.9,59254.15,0.31
2019-05-24,865.0,885.0,878.5,864.44,44034.09,17.5,2.03,881.492,894.973,910.47,44185.59,48505.42,59557.41,0.35
2019-05-23,881.0,883.98,861.0,856.22,58058.63,-27.0,-3.04,887.15,897.835,915.293,45347.09,52092.75,59798.31,0.46
2019-05-22,894.98,904.0,888.0,880.0,32041.58,-7.0,-0.78,900.932,897.616,919.703,42643.39,55441.4,58926.77,0.26
2019-05-21,885.0,910.0,895.0,872.02,42385.65,10.04,1.14,908.732,897.256,922.931,48859.92,60425.54,58943.68,0.34
2019-05-20,900.0,900.0,884.96,871.0,44407.99,-21.83,-2.41,907.046,896.756,925.456,52379.42,66270.7,57804.33,0.35
2019-05-17,927.02,932.3,906.79,900.1,49841.61,-23.12,-2.49,908.454,898.86,928.808,52825.26,75339.87,57621.98,0.4
2019-05-16,919.0,932.0,929.91,905.0,44540.12,2.91,0.31,908.52,905.581,930.463,58838.41,73950.03,57451.07,0.35
2019-05-15,890.24,933.0,927.0,890.24,63124.25,40.43,4.56,894.3,909.787,929.318,68239.42,74753.25,57500.2,0.5
2019-05-14,885.0,906.0,886.57,873.0,59983.12,-5.43,-0.61,885.78,911.587,928.668,71991.16,72768.59,56774.59,0.48
2019-05-13,898.86,910.98,892.0,884.0,46637.18,-15.12,-1.67,886.466,918.167,930.599,80161.99,70750.41,56830.56,0.37
2019-05-10,875.66,910.78,907.12,868.19,79907.38,48.31,5.62,889.266,925.967,933.399,97854.49,70609.4,57889.42,0.64
2019-05-09,875.0,879.87,858.81,842.5,91545.15,-25.59,-2.89,902.642,932.75,933.293,89061.65,67503.86,56293.54,0.73
2019-05-08,860.0,901.8,884.4,860.0,81882.98,-5.6,-0.63,925.274,941.789,935.362,81267.08,62412.14,55028.88,0.65
2019-05-07,893.28,913.94,890.0,870.22,100837.26,-16.0,-1.77,937.394,948.605,934.392,73546.02,57461.82,53723.35,0.8
2019-05-06,925.5,935.0,906.0,893.0,135099.69,-68.0,-6.98,949.868,954.155,932.117,61338.84,49337.95,50834.33,1.08
2019-04-30,968.0,984.96,974.0,963.11,35943.18,2.03,0.21,962.668,958.755,929.317,43364.3,39904.08,46740.7,0.29
2019-04-29,945.0,989.0,971.97,935.0,52572.3,26.97,2.85,962.858,955.345,923.567,45946.07,40952.11,47990.27,0.42
2019-04-26,946.3,959.88,945.0,945.0,43277.68,-7.37,-0.77,958.304,948.848,917.668,43557.21,40247.14,49908.35,0.34
2019-04-25,968.79,973.99,952.37,951.22,39801.34,-17.63,-1.82,959.816,945.748,910.758,41377.63,40780.59,50622.81,0.32
2019-04-24,979.88,990.0,970.0,951.22,45227.0,-4.95,-0.51,958.442,943.031,902.565,37337.06,42910.71,50773.11,0.36
2019-04-23,951.0,981.22,974.95,949.2,48852.05,25.75,2.71,954.842,940.83,892.715,36443.87,45169.45,50391.54,0.39
2019-04-22,959.5,978.89,949.2,940.61,40627.96,-3.36,-0.35,947.832,933.835,882.747,35958.14,45083.23,49812.46,0.32
2019-04-19,943.96,960.95,952.56,931.31,32379.78,7.06,0.75,939.392,928.935,874.987,36937.08,47645.62,49306.94,0.26
2019-04-18,945.41,954.68,945.5,936.22,19598.52,-6.5,-0.68,931.68,920.179,866.647,40183.56,49984.88,49316.62,0.16
2019-04-17,938.0,955.51,952.0,925.0,40761.02,12.1,1.29,927.62,910.079,859.012,48484.36,52330.71,49892.57,0.32
2019-04-16,904.9,939.9,939.9,901.22,46423.44,32.9,3.63,926.818,899.879,851.042,53895.03,53577.31,49886.26,0.37
2019-04-15,931.0,939.0,907.0,907.0,45522.64,-7.0,-0.77,919.838,891.789,844.552,54208.31,55028.43,51631.03,0.36
2019-04-12,909.0,919.99,914.0,900.01,48612.17,-11.2,-1.21,918.478,886.488,838.067,58354.16,59569.56,51974.93,0.39
2019-04-11,948.0,950.0,925.2,905.55,61102.54,-22.79,-2.4,908.678,875.768,831.267,59786.2,60465.02,52652.95,0.49
2019-04-10,903.0,951.9,947.99,900.0,67814.38,42.99,4.75,892.538,862.098,822.707,56177.05,58635.5,51625.89,0.54
2019-04-09,903.0,908.2,905.0,892.51,47989.8,4.8,0.53,872.94,844.599,812.558,53259.59,55613.64,50860.67,0.38
2019-04-08,900.0,908.0,900.2,890.12,66251.93,35.2,4.07,863.74,831.659,805.235,55848.55,54541.7,51114.05,0.53
2019-04-04,840.0,865.8,865.0,836.2,55772.36,20.5,2.43,854.498,821.039,797.1,60784.96,50968.26,50415.21,0.44
2019-04-03,840.12,851.74,844.5,834.21,43056.8,-5.5,-0.65,842.858,813.114,791.28,61143.84,48648.35,50635.62,0.34
2019-04-02,859.99,859.99,850.0,836.06,53227.05,-9.0,-1.05,831.658,807.944,787.455,61093.95,47454.42,50819.35,0.42
2019-04-01,860.0,868.95,859.0,851.0,60934.61,5.01,0.59,816.258,802.205,783.944,57967.68,46195.21,50399.52,0.49
2019-03-29,835.0,866.68,853.99,830.17,90933.96,47.19,5.85,799.578,797.314,780.087,53234.85,48233.63,51582.09,0.72
2019-03-28,793.43,814.48,806.8,785.68,57566.76,18.3,2.32,787.58,789.645,776.852,41151.56,44380.3,50227.41,0.46
2019-03-27,781.0,793.88,788.5,775.0,42807.39,15.5,2.0,783.37,786.765,774.263,36152.86,44840.88,50198.38,0.34
2019-03-26,780.0,785.94,773.0,764.1,37595.69,-2.6,-0.34,784.23,783.315,771.873,33814.89,44616.28,51355.12,0.3
2019-03-25,786.0,788.0,775.6,773.3,37270.46,-18.4,-2.32,788.152,780.516,769.59,34422.74,46107.71,52373.57,0.3
2019-03-22,788.22,799.98,794.0,785.0,30517.5,8.25,1.05,795.05,778.81,767.927,43232.41,47686.39,54641.18,0.24
2019-03-21,788.0,792.8,785.75,781.5,32573.28,-7.05,-0.89,791.71,773.16,764.527,47609.05,49862.17,54410.74,0.26
2019-03-20,790.0,802.3,792.8,785.0,31117.52,0.19,0.02,790.16,769.445,761.252,53528.9,52622.89,54274.6,0.25
2019-03-19,803.0,807.92,792.61,792.3,40634.93,-17.48,-2.16,782.4,766.965,757.712,55417.67,54184.28,54612.84,0.32
2019-03-18,778.8,814.53,810.09,777.0,81318.8,32.79,4.22,772.88,765.682,754.62,57792.69,54603.84,54056.17,0.65
2019-03-15,776.0,787.5,777.3,764.85,52400.71,-0.7,-0.09,762.57,762.859,751.115,52140.38,54930.56,51877.52,0.42
2019-03-14,757.0,785.0,778.0,754.0,62172.56,24.0,3.18,754.61,764.059,748.489,52115.28,56074.51,50419.39,0.49
2019-03-13,745.5,760.75,754.0,745.5,40561.36,8.99,1.21,748.73,761.76,746.447,51716.88,55555.88,48923.67,0.32
2019-03-12,763.82,763.83,745.01,739.0,52510.01,-13.53,-1.78,751.53,760.43,745.51,52950.88,58093.97,48679.45,0.42
2019-03-11,740.04,766.95,758.54,740.04,53057.24,21.04,2.85,758.484,758.664,744.155,51414.99,58639.43,47808.52,0.42
2019-03-08,737.9,746.83,737.5,733.65,52275.25,-11.1,-1.48,763.148,757.043,742.493,57720.73,61595.97,48062.7,0.42
2019-03-07,762.22,762.22,748.6,745.56,60180.53,-19.4,-2.53,773.508,755.894,740.252,60033.73,58959.32,46974.97,0.48
2019-03-06,775.0,779.5,768.0,765.88,46731.37,-11.78,-1.51,774.79,753.059,737.302,59394.87,55926.31,45800.77,0.37
2019-03-05,785.0,789.55,779.78,775.88,44830.56,-2.08,-0.27,769.33,748.459,732.702,63237.05,55041.41,44599.2,0.36
2019-03-04,795.0,798.33,781.86,777.22,84585.96,-7.44,-0.94,758.844,743.557,727.963,65863.87,53508.5,43874.8,0.67
2019-03-01,761.5,790.0,789.3,761.0,63840.23,34.29,4.54,750.938,739.371,722.72,65471.2,48824.49,41450.64,0.51
2019-02-28,737.9,763.42,755.01,736.95,56986.25,14.31,1.93,738.28,732.919,717.24,57884.91,44764.27,39707.95,0.45
2019-02-27,733.0,758.02,740.7,731.0,65942.27,13.35,1.83,731.328,731.134,713.114,52457.74,42291.46,38316.4,0.52
2019-02-26,747.8,749.18,727.35,726.0,57964.66,-14.98,-2.02,727.588,730.589,709.362,46845.76,39264.94,36700.53,0.46
2019-02-25,730.75,744.44,742.33,717.99,82622.59,16.32,2.25,728.27,729.646,706.545,41153.13,36977.61,35908.41,0.66
2019-02-22,717.0,728.49,726.01,714.1,25908.77,5.76,0.8,727.804,727.943,703.777,32177.79,34529.43,34129.87,0.21
2019-02-21,720.0,730.48,720.25,717.0,29850.4,-1.75,-0.24,727.558,724.609,701.657,31643.63,34990.61,36264.89,0.24
2019-02-20,735.0,735.0,722.0,716.06,37882.37,-8.76,-1.2,730.94,721.544,698.607,32125.17,35675.23,36286.61,0.3
2019-02-19,740.96,742.5,730.76,726.66,29501.5,-9.24,-1.25,733.59,716.944,695.562,31684.11,34156.99,36496.68,0.23
2019-02-18,731.0,744.95,740.0,731.0,37745.89,15.22,2.1,731.022,712.368,692.023,32802.1,34241.1,37809.84,0.3
2019-02-15,734.88,734.88,724.78,723.02,23237.98,-12.38,-1.68,728.082,706.068,686.253,36881.07,34076.8,37204.99,0.18
2019-02-14,731.2,743.66,737.16,730.14,32258.13,1.91,0.26,721.66,701.56,681.808,38337.6,34651.63,37987.3,0.26
2019-02-13,723.0,736.16,735.25,717.22,35677.06,17.33,2.41,712.148,695.094,675.889,39225.29,34341.35,37826.59,0.28
2019-02-12,723.0,725.49,717.92,715.2,35091.43,-7.38,-1.02,700.298,688.135,669.932,36629.87,34136.12,38537.35,0.28
2019-02-11,695.0,729.5,725.3,688.18,58140.75,32.63,4.71,693.714,683.443,664.276,35680.1,34839.2,38224.69,0.46
2019-02-01,697.04,699.0,692.67,689.61,30520.62,3.07,0.45,684.054,679.611,658.285,31272.52,33730.32,37055.16,0.24
2019-01-31,680.0,689.6,689.6,677.56,36696.57,13.6,2.01,681.46,678.705,653.752,30965.67,37539.17,37413.3,0.29
2019-01-30,684.99,686.22,676.0,676.0,22699.96,-9.0,-1.31,678.04,675.67,648.772,29457.41,36897.99,37127.34,0.18
2019-01-29,677.5,688.0,685.0,668.0,30342.59,8.0,1.18,675.972,674.18,644.921,31642.38,38836.36,39106.67,0.24
2019-01-28,684.0,693.98,677.0,676.03,36102.87,-2.7,-0.4,673.172,671.678,640.171,33998.3,41378.59,40773.45,0.29
2019-01-25,675.88,684.9,679.7,669.93,28986.35,7.2,1.07,675.168,666.438,634.471,36188.11,40333.19,40442.99,0.23
2019-01-24,670.3,677.83,672.5,664.68,29155.27,6.84,1.03,675.95,662.056,628.49,44112.68,41322.98,39886.98,0.23
2019-01-23,667.22,674.5,665.66,663.13,33624.81,-5.34,-0.8,673.3,656.683,623.155,44338.58,41311.84,39758.86,0.27
2019-01-22,686.0,686.0,671.0,665.22,42122.21,-15.98,-2.33,672.388,651.729,618.272,46030.34,42938.59,39033.11,0.34
2019-01-21,690.0,698.88,686.98,681.88,47051.93,3.37,0.49,670.184,645.108,613.092,48758.87,41610.18,38459.03,0.37
2019-01-18,665.0,690.2,683.61,661.5,68609.18,24.36,3.69,657.708,636.959,607.468,44478.27,40380.0,37453.48,0.55
2019-01-17,663.0,669.7,659.25,655.8,30284.76,-1.85,-0.28,648.162,628.798,602.178,38533.27,37287.43,35308.82,0.24
2019-01-16,658.0,665.65,661.1,653.6,42083.64,1.12,0.17,640.066,621.873,598.762,38285.1,37356.69,34755.69,0.34
2019-01-15,627.86,661.5,659.98,625.0,55764.85,35.38,5.66,631.07,615.661,595.233,39846.83,39376.97,33896.3,0.44
2019-01-14,633.0,635.89,624.6,621.55,25648.9,-11.28,-1.77,620.032,608.664,591.882,34461.48,40168.32,32335.78,0.2
2019-01-11,625.0,637.0,635.88,618.75,38884.21,17.11,2.77,616.21,602.504,590.74,36281.73,40552.79,33073.31,0.31
2019-01-10,617.13,624.88,618.77,610.25,29043.9,2.65,0.43,609.434,594.924,588.396,36041.58,38450.99,32125.17,0.23
2019-01-09,609.99,626.16,616.12,609.04,49892.27,11.33,1.87,603.68,589.626,586.607,36428.27,38205.88,31488.81,0.4
2019-01-08,605.5,612.0,604.79,600.28,28838.13,-0.7,-0.12,600.252,584.814,584.662,38907.11,35127.64,30226.23,0.23
2019-01-07,608.0,612.0,605.49,602.22,34750.13,3.49,0.58,597.296,581.076,583.773,45875.16,35307.87,30126.4,0.28
2019-01-04,587.28,607.67,602.0,582.02,37683.47,12.0,2.03,588.798,577.977,583.088,44823.85,34526.96,30276.8,0.3
2019-01-03,599.97,601.66,590.0,585.8,30977.35,-8.98,-1.5,580.414,575.557,583.493,40860.4,33330.21,30472.04,0.25
2019-01-02,609.98,612.0,598.98,595.01,62286.49,8.97,1.52,575.572,575.651,584.105,39983.5,32154.69,30496.86,0.5
2018-12-28,563.3,596.4,590.01,560.0,63678.37,27.01,4.8,569.376,574.805,584.216,31348.17,28415.63,31553.27,0.51
2018-12-27,570.0,571.85,563.0,562.22,29493.57,2.92,0.52,564.856,575.1,582.965,24740.58,24503.24,30819.88,0.23
2018-12-26,563.81,568.4,560.08,558.0,17866.2,-5.71,-1.01,567.156,578.975,582.395,24230.07,25593.82,31598.67,0.14
2018-12-25,562.22,567.5,565.79,553.61,26592.86,-2.21,-0.39,570.7,581.867,582.241,25800.02,25799.36,32092.26,0.21
2018-12-24,563.5,570.91,568.0,558.0,19109.86,0.59,0.1,575.73,583.587,581.357,24325.88,24771.73,31774.31,0.15
2018-12-21,571.0,573.45,567.41,562.21,30640.43,-7.09,-1.23,580.234,584.51,580.562,25483.08,25324.81,31774.82,0.24
2018-12-20,576.22,581.5,574.5,568.89,26940.98,-3.3,-0.57,585.344,586.469,580.037,24265.89,24944.94,31249.11,0.21
2018-12-19,589.0,590.99,577.8,576.03,25715.96,-13.14,-2.22,590.794,588.199,579.537,26957.58,26026.64,30962.73,0.2
2018-12-18,585.88,591.54,590.94,585.0,19222.18,0.42,0.07,593.034,591.429,578.882,25798.69,27613.87,31032.3,0.15
2018-12-17,592.57,595.97,590.52,585.01,24895.85,-2.44,-0.41,591.444,592.558,577.415,25217.58,28839.04,31418.35,0.2
2018-12-14,598.01,599.8,592.96,592.0,24554.48,-8.79,-1.46,588.786,593.626,576.34,25166.54,34690.92,31982.52,0.2
2018-12-13,590.0,606.88,601.75,589.6,40399.41,12.75,2.17,587.594,590.83,574.692,25623.98,37136.52,32201.74,0.32
2018-12-12,588.79,589.2,589.0,582.8,19921.54,6.01,1.03,585.604,585.815,572.589,25095.71,37603.52,31723.44,0.16
2018-12-11,577.0,586.55,582.99,577.0,16316.6,5.76,1.0,589.824,582.615,570.894,29429.04,38385.16,32815.7,0.13
2018-12-10,576.0,587.5,577.23,574.18,24640.68,-9.77,-1.66,593.672,579.126,570.245,32460.5,38776.88,35321.32,0.2
2018-12-07,595.6,598.86,587.0,584.7,26841.67,-4.8,-0.81,598.466,576.614,568.983,44215.3,38224.83,37480.5,0.21
2018-12-06,600.0,605.98,591.8,590.36,37758.07,-18.3,-3.0,594.066,573.604,567.733,48649.06,37553.29,37355.26,0.3
2018-12-05,597.5,616.5,610.1,595.0,41588.19,7.87,1.31,586.026,570.874,566.66,50111.33,35898.81,37155.54,0.33
2018-12-04,602.99,604.26,602.23,595.0,31473.88,1.03,0.17,575.406,566.334,564.475,47341.28,34450.73,36981.52,0.25
2018-12-03,589.0,605.0,601.2,584.77,83414.68,36.2,6.41,564.58,562.271,562.664,45093.27,33997.66,37686.13,0.66
2018-11-30,557.0,568.89,565.0,553.0,49010.46,13.4,2.43,554.762,559.053,561.394,32234.37,29274.12,37291.25,0.39
2018-11-29,566.03,569.8,551.6,549.01,45069.45,-5.4,-0.97,553.142,558.553,563.139,26457.52,27266.95,39298.58,0.36
2018-11-28,550.85,559.19,557.0,545.5,27737.93,8.9,1.62,555.722,559.363,563.709,21686.3,25843.35,41950.44,0.22
2018-11-27,552.0,554.99,548.1,546.5,20233.82,-4.01,-0.73,557.262,559.173,563.304,21560.17,27246.24,45407.79,0.16
2018-11-26,558.0,560.2,552.11,552.0,19120.19,-4.79,-0.86,559.962,561.363,562.099,22902.06,31865.76,54615.93,0.15
2018-11-23,564.0,567.3,556.9,556.9,20126.21,-7.6,-1.35,563.344,561.352,561.948,26313.87,36736.16,56113.72,0.16
2018-11-22,565.15,567.33,564.5,558.0,21213.33,-0.2,-0.04,563.964,561.862,564.608,28076.39,37157.23,57873.78,0.17
2018-11-21,554.0,568.9,564.7,553.68,27107.3,3.1,0.55,563.004,562.446,567.333,30000.4,38412.27,60591.53,0.22
2018-11-20,565.0,568.0,561.6,560.0,26943.26,-7.42,-1.3,561.084,562.616,570.947,32932.31,39512.31,63041.81,0.21
2018-11-19,560.3,572.0,569.02,559.11,36179.25,9.02,1.61,562.764,563.056,574.954,40829.46,41374.6,67850.28,0.29
2018-11-16,561.0,566.0,560.0,558.03,28938.79,0.3,0.05,559.36,563.734,581.153,47158.46,45308.39,69696.75,0.23
2018-11-15,558.8,564.8,559.7,555.5,30833.4,4.6,0.83,559.76,567.724,586.653,46238.06,51330.2,72059.77,0.25
2018-11-14,569.96,569.96,555.1,552.55,41766.83,-14.9,-2.61,561.888,568.054,590.965,46824.13,58057.53,73125.91,0.33
2018-11-13,546.12,570.0,570.0,543.0,66429.05,18.0,3.26,564.148,567.434,596.496,46092.32,63569.33,73191.42,0.53
2018-11-12,553.0,554.2,552.0,536.8,67824.22,-10.0,-1.78,563.348,562.834,601.353,41919.74,77366.1,71189.65,0.54
2018-11-09,567.22,569.0,562.0,562.0,24336.82,-8.34,-1.46,568.108,562.543,607.098,43458.31,75491.27,69578.8,0.19
2018-11-08,574.0,577.0,570.34,568.0,33763.74,3.94,0.7,575.688,567.353,612.398,56422.34,78590.33,71085.59,0.27
2018-11-07,569.0,574.95,566.4,562.01,38107.78,0.4,0.07,574.22,572.219,616.131,69290.94,82770.79,73976.5,0.3
2018-11-06,574.0,574.16,566.0,558.01,45566.14,-9.8,-1.7,570.72,579.278,621.357,81046.34,86571.3,75226.02,0.36
2018-11-05,593.0,593.0,575.8,571.77,75517.08,-24.1,-4.02,562.32,586.852,627.807,112812.45,94325.96,74958.86,0.6
2018-11-02,585.0,600.0,599.9,572.24,89156.96,36.9,6.55,556.978,598.572,633.324,107524.23,94085.11,75320.25,0.71
2018-11-01,555.0,585.5,563.0,551.25,98106.72,14.1,2.57,559.018,605.582,639.829,100758.32,92789.35,72616.89,0.78
2018-10-31,527.0,555.0,548.9,522.0,96884.82,24.9,4.75,570.218,613.876,647.879,96250.65,88194.28,69736.98,0.77
2018-10-30,510.0,543.0,524.0,509.02,204396.67,-25.09,-4.57,587.836,625.558,656.681,92096.25,82813.51,68507.13,1.63
2018-10-29,549.09,549.09,549.09,549.09,49076.0,-61.01,-10.0,611.384,639.872,665.332,75839.46,65013.2,59819.29,0.39
2018-10-26,619.0,625.0,610.1,607.98,55327.38,-8.9,-1.44,640.166,651.653,672.878,80645.98,63666.33,59496.35,0.44
2018-10-25,620.0,622.5,619.0,608.58,75568.38,-17.99,-2.82,652.146,657.443,676.3,84820.38,63580.85,58105.96,0.6
2018-10-24,628.11,650.0,636.99,620.0,76112.82,-4.75,-0.74,657.534,660.042,679.421,80137.91,65182.21,56738.63,0.61
2018-10-23,689.0,689.0,641.74,635.0,123112.73,-51.26,-7.4,663.28,663.435,680.907,73530.76,63880.74,54825.93,0.98
2018-10-22,675.0,702.02,693.0,675.0,73108.57,23.0,3.43,668.36,668.761,681.11,54186.94,55591.75,50125.94,0.58
2018-10-19,638.0,675.0,670.0,635.08,76199.38,24.06,3.73,663.14,668.076,678.605,46686.68,56555.4,48515.52,0.61
2018-10-18,660.0,660.0,645.94,644.97,52156.07,-19.78,-2.97,662.74,674.076,676.704,42341.32,52444.44,47091.21,0.42
2018-10-17,675.0,677.3,665.72,649.9,43077.07,-1.42,-0.21,662.55,681.882,675.907,50226.5,51279.69,46541.27,0.34
2018-10-16,665.98,679.53,667.14,662.01,26393.6,0.24,0.04,663.59,687.803,674.921,54230.72,54200.76,45362.26,0.21
2018-10-15,669.49,671.95,666.9,660.03,35607.3,-1.1,-0.17,669.162,690.791,673.804,56996.57,54625.39,45102.69,0.28
2018-10-12,651.0,672.68,668.0,650.58,54472.56,23.01,3.57,673.012,694.102,673.008,66424.11,55326.38,44784.33,0.43
2018-10-11,635.01,668.94,644.99,635.01,91581.96,-25.93,-3.87,685.412,695.157,671.808,62547.56,52631.07,44179.23,0.73
2018-10-10,697.26,698.0,670.92,669.69,63098.2,-24.08,-3.46,701.214,698.8,672.448,52332.88,48295.06,41049.3,0.5
2018-10-09,686.9,698.71,695.0,685.9,40222.83,8.85,1.29,712.016,698.378,672.654,54170.79,45771.11,38971.42,0.32
2018-10-08,715.41,719.0,686.15,686.15,82745.02,-43.85,-6.01,712.42,693.459,671.214,52254.21,44660.12,38469.27,0.66
2018-09-28,726.7,733.2,730.0,718.88,35089.8,6.0,0.83,715.192,689.134,669.866,44228.64,40475.64,37281.06,0.28
2018-09-27,727.5,728.0,724.0,715.4,40508.53,-0.93,-0.13,704.902,679.332,667.386,42714.58,41737.97,37215.99,0.32
2018-09-26,702.1,732.68,724.93,701.99,72287.77,27.91,4.0,696.386,669.932,665.479,44257.24,41802.86,36560.76,0.58
2018-09-25,695.0,705.77,697.02,693.26,30639.91,-2.99,-0.43,684.74,662.039,663.282,37371.42,36523.77,34570.82,0.24
2018-09-21,682.0,700.01,700.01,680.01,42617.2,21.46,3.16,674.498,656.817,662.796,37066.03,35579.99,35439.67,0.34
2018-09-20,685.2,686.9,678.55,677.36,27519.48,-2.87,-0.42,663.076,651.913,660.811,36722.63,34242.28,34613.32,0.22
2018-09-19,666.58,686.0,681.42,666.0,48221.84,14.72,2.21,653.762,648.458,660.394,40761.36,35727.39,34605.21,0.38
2018-09-18,643.0,668.0,666.7,642.22,37858.68,20.89,3.23,643.478,646.095,659.708,39348.47,33803.55,33227.9,0.3
2018-09-17,645.0,652.96,645.81,641.06,29112.95,2.91,0.45,639.338,646.929,659.947,35676.11,32171.73,33947.41,0.23
2018-09-14,633.98,649.78,642.9,628.53,40900.19,10.92,1.73,639.136,648.969,659.896,34093.96,32278.42,34934.38,0.33
2018-09-13,638.0,642.0,631.98,620.0,47713.16,1.98,0.31,640.75,650.598,659.497,31761.93,34086.49,35218.1,0.38
2018-09-12,643.0,644.87,630.0,628.01,41157.37,-16.0,-2.48,643.154,655.44,660.348,30693.42,32694.01,35829.44,0.33
2018-09-11,645.57,650.97,646.0,640.63,19496.87,1.2,0.19,648.712,661.025,661.983,28258.63,31318.67,35521.42,0.16
2018-09-10,652.2,653.81,644.8,640.7,21202.2,-6.17,-0.95,654.52,664.525,663.708,28667.35,32617.88,35631.42,0.17
2018-09-07,645.5,658.03,650.97,645.14,29240.06,6.97,1.08,658.802,668.775,665.423,30462.88,35299.35,36299.83,0.23
2018-09-06,652.0,659.26,644.0,640.0,42370.58,-13.79,-2.1,660.446,669.708,667.232,36411.05,34984.37,36028.71,0.34
2018-09-05,675.0,676.99,657.79,657.0,28983.42,-17.25,-2.56,667.726,672.329,669.642,34694.6,33483.04,35634.47,0.23
2018-09-04,666.8,676.0,675.04,661.6,21540.48,8.83,1.32,673.338,673.32,670.57,34378.72,32652.25,35669.57,0.17
2018-09-03,652.0,667.67,666.21,650.8,30179.84,7.02,1.06,674.53,672.965,671.138,36568.41,35723.1,36546.83,0.24
2018-08-31,676.25,677.0,659.19,656.5,58980.93,-21.21,-3.12,678.748,670.823,671.311,40135.82,37590.35,37300.24,0.47
2018-08-30,688.21,692.6,680.4,679.01,33788.33,-5.45,-0.8,678.97,668.396,672.257,33557.69,36349.72,36718.04,0.27
2018-08-29,682.0,688.88,685.85,679.1,27404.03,4.85,0.71,676.932,665.256,672.998,32271.48,38964.87,37778.7,0.22
2018-08-28,693.0,693.78,681.0,678.55,32488.9,-6.3,-0.92,673.302,662.941,674.456,30925.77,39724.17,37670.39,0.26
2018-08-27,662.0,687.3,687.3,662.0,48016.92,27.0,4.09,671.4,662.891,676.725,34877.8,38644.97,37080.12,0.38
2018-08-24,669.0,669.0,660.3,656.46,26090.26,-9.91,-1.48,662.898,662.071,678.24,35044.88,37300.32,36787.86,0.21
2018-08-23,671.7,678.5,670.21,665.18,27357.27,2.51,0.38,657.822,664.756,682.168,39141.74,37073.06,36529.02,0.22
2018-08-22,671.0,673.2,667.7,663.0,20675.51,-3.79,-0.56,653.58,666.955,685.453,45658.26,37785.9,36314.52,0.16
2018-08-21,647.0,672.3,671.49,647.0,52249.02,26.7,4.14,652.58,667.819,689.26,48522.57,38686.9,36367.94,0.42
2018-08-20,632.45,645.55,644.79,616.86,48852.34,9.93,1.56,654.382,669.31,692.96,42412.14,37370.55,35845.92,0.39
2018-08-17,657.5,657.5,634.92,630.01,46574.57,-13.52,-2.08,661.244,671.799,697.321,39555.75,37010.13,35201.8,0.37
2018-08-16,652.0,668.5,649.0,640.0,59939.85,-13.8,-2.08,671.69,676.117,702.642,35004.37,37086.37,34400.5,0.48
2018-08-15,679.8,680.0,662.7,661.0,34997.09,-17.43,-2.56,680.33,680.74,707.265,29913.55,36592.53,32307.43,0.28
2018-08-14,679.22,684.5,680.5,673.51,21696.83,1.28,0.19,683.058,685.97,711.028,28851.22,35616.61,31783.66,0.17
2018-08-13,683.0,683.0,679.1,666.68,34570.41,-8.08,-1.18,684.238,690.559,714.128,32328.97,35515.27,32089.12,0.28
2018-08-10,691.88,694.77,687.15,684.2,23817.67,-4.73,-0.68,682.354,694.408,717.901,34464.51,36275.4,31984.34,0.19
2018-08-09,671.0,694.5,692.2,670.12,34485.75,15.98,2.36,680.544,699.58,720.893,39168.38,35984.99,32238.81,0.27
2018-08-08,687.02,689.0,676.34,671.87,29685.44,-9.94,-1.45,681.15,703.95,723.158,43271.51,34843.14,32523.02,0.24
2018-08-07,672.3,687.83,686.4,662.02,39085.59,16.72,2.5,688.882,710.7,725.313,42382.0,34048.99,32252.68,0.31
2018-08-06,677.0,684.0,669.68,662.25,45248.12,-9.31,-1.37,696.88,716.61,727.361,38701.58,34321.29,31893.05,0.36
2018-08-03,695.0,695.0,678.1,676.2,47336.99,-17.74,-2.55,706.462,722.842,730.565,38086.28,33393.47,31151.1,0.38
2018-08-02,715.97,715.97,695.23,687.88,55001.43,-19.71,-2.76,718.616,729.167,733.651,32801.61,31714.62,30198.99,0.44
2018-08-01,731.4,732.3,715.0,714.11,25237.88,-11.44,-1.57,726.75,733.789,736.053,26414.77,28022.32,28648.84,0.2
2018-07-31,720.3,727.88,726.39,719.21,20683.46,7.18,1.0,732.518,736.086,737.456,25715.97,27950.71,28876.23,0.16
2018-07-30,738.9,740.66,717.59,715.0,42171.66,-20.97,-2.84,736.34,737.697,738.246,29941.0,28662.96,29461.43,0.34
2018-07-27,736.0,744.3,738.87,730.0,20913.6,3.25,0.44,739.222,741.393,739.835,28700.65,27693.28,28483.72,0.17
2018-07-26,748.9,748.9,735.9,734.23,23067.26,-7.91,-1.06,739.718,742.206,739.916,30627.63,28492.63,29114.56,0.18
2018-07-25,746.95,749.88,743.84,740.01,21743.88,-1.56,-0.21,740.828,742.366,740.281,29629.87,30202.91,29664.32,0.17
2018-07-24,732.68,747.3,745.5,723.0,41808.6,13.43,1.83,739.654,739.925,739.925,30185.44,30456.36,30456.36,0.33
2018-07-23,736.0,741.15,732.0,720.01,35969.89,-9.13,-1.23,739.054,739.306,739.306,27384.93,29195.0,29195.0,0.29
2018-07-20,741.5,743.13,741.35,728.0,30548.5,0.4,0.05,743.564,740.219,740.219,26685.92,28348.14,28348.14,0.24
2018-07-19,739.0,743.95,741.45,735.02,18078.5,4.01,0.54,744.694,740.057,740.057,26357.63,28033.81,28033.81,0.14
2018-07-18,742.43,749.69,737.97,735.0,24521.71,-4.46,-0.6,743.904,739.825,739.825,30775.94,29693.02,29693.02,0.2
2018-07-17,757.0,757.0,742.5,736.02,27806.03,-12.18,-1.61,740.196,740.196,740.196,30727.29,30727.29,30727.29,0.22
2018-07-16,752.3,764.11,754.55,751.03,32474.87,7.56,1.01,739.62,739.62,739.62,31457.6,31457.6,31457.6,0.26
2018-07-13,742.3,748.1,747.0,735.12,28907.04,9.46,1.28,734.643,734.643,734.643,31118.51,31118.51,31118.51,0.23
2018-07-12,718.0,741.17,737.5,718.0,40170.04,17.92,2.49,728.465,728.465,728.465,32224.25,32224.25,32224.25,0.32
2018-07-11,710.0,724.0,719.43,702.22,24278.45,-6.33,-0.87,719.43,719.43,719.43,24278.45,24278.45,24278.45,0.19
